"Txhash","Blockno","UnixTimestamp","DateTime","From","To","ContractAddress","Value_IN(ETH)","Value_OUT(ETH)","CurrentValue @ $2807.29/Eth","TxnFee(ETH)","TxnFee(USD)","Historical $Price/Eth","Status","ErrCode","Method"
"0x56413aa4176944dadf16916df92c2c1c2de9df8de4fa92e2f0c8f19c68dd4a35","14254106","1645509176","2022-02-22 05:52:56","0xf8254f25e037b6c1db7d1c8692335e682dfe163a","","0xea2dc6f116a4c3d6a15f06b4e8ad582a07c3dd9c","0","0","0","0.173226525","486.29709136725","2638.81","","","0x60a06040",""
"0x7895c8f420c502529c489a8aa13bc23d99bb72067908503f8916dcd2d13fc22d","14254134","1645509644","2022-02-22 06:00:44","0xf8254f25e037b6c1db7d1c8692335e682dfe163a","0xea2dc6f116a4c3d6a15f06b4e8ad582a07c3dd9c","","0","0","0","0.008739525","24.53438113725","2638.81","","","Set Base URI",""
"0xc6643bf887793c2b48bdb3e8d4ee0fa63e16d7747f564ff9f9eb3131f8b65473","14254156","1645510233","2022-02-22 06:10:33","0xf8254f25e037b6c1db7d1c8692335e682dfe163a","0xea2dc6f116a4c3d6a15f06b4e8ad582a07c3dd9c","","0","0","0","0.002997015","8.41349023935","2638.81","","","0x37607b76",""
"0x447e82e4ae4d49167642ada3bb5da672c9306bc0fdfa97edbaeddd84087b3c14","14254163","1645510345","2022-02-22 06:12:25","0xf8254f25e037b6c1db7d1c8692335e682dfe163a","0xea2dc6f116a4c3d6a15f06b4e8ad582a07c3dd9c","","0","0","0","0.009631125","27.03736090125","2638.81","","","Set Contract URI",""
"0x8429b0c9cb60b65306580a7193d4cd1c9241eb7fc3f13ef048e62ded5febb93d","14254177","1645510439","2022-02-22 06:13:59","0xf8254f25e037b6c1db7d1c8692335e682dfe163a","0xea2dc6f116a4c3d6a15f06b4e8ad582a07c3dd9c","","0","0","0","0.021","58.95309","2638.81","Error(0)","Out of gas","0xe973ddfe",""
"0xb55d38f27d0a04654b2ea3c24dfab22a24c8dcfe7e50ece0598db8750adab4a2","14254188","1645510555","2022-02-22 06:15:55","0xf8254f25e037b6c1db7d1c8692335e682dfe163a","0xea2dc6f116a4c3d6a15f06b4e8ad582a07c3dd9c","","0","0","0","0.021790755","61.17296860395","2638.81","","","0xe973ddfe",""
"0x134a4be17a1ff23b1719044534aa01c95bb59a5043dfc0f57fb4324422b846a0","14254791","1645518741","2022-02-22 08:32:21","0xf8254f25e037b6c1db7d1c8692335e682dfe163a","0xea2dc6f116a4c3d6a15f06b4e8ad582a07c3dd9c","","0","0","0","0.005373375","15.08462190375","2638.81","","","Set Merkle Root",""
"0xd3f8433b41e244de87cca50a6554bbac610d3f8b7602ced62ca8b8bc01e28973","14257853","1645559713","2022-02-22 19:55:13","0xf8254f25e037b6c1db7d1c8692335e682dfe163a","0xea2dc6f116a4c3d6a15f06b4e8ad582a07c3dd9c","","0","0","0","0.00469125","13.1696992125","2638.81","","","Set Merkle Root",""
"0x32c028f1962c5aaa32730990a90004a42f847d80494a6aaa5355360091b2432e","14259048","1645575157","2022-02-23 00:12:37","0xf8254f25e037b6c1db7d1c8692335e682dfe163a","0xea2dc6f116a4c3d6a15f06b4e8ad582a07c3dd9c","","0","0","0","0.00469125","13.1696992125","2580.97","","","Set Merkle Root",""
"0x646ba4f992f54b6c3beea5444cf4c10013cbd1f36274208b99f20092480d4fcb","14259050","1645575172","2022-02-23 00:12:52","0xf8254f25e037b6c1db7d1c8692335e682dfe163a","0xea2dc6f116a4c3d6a15f06b4e8ad582a07c3dd9c","","0","0","0","0.0042813","12.018850677","2580.97","","","Toggle Minting",""
"0x7410a32941b5984aa63c9ab9d7dbe682ca54503a43c20a913f366f0a16ed15d5","14259059","1645575325","2022-02-23 00:15:25","0x653d2d1d10c79017b2ea5f5a6f02d9ab6e725395","0xea2dc6f116a4c3d6a15f06b4e8ad582a07c3dd9c","","0.42","0","1179.0618","0.014874756560162188","41.7577553437777","2580.97","","","0xe366c9ca",""
"0xfb5676e08543857f66d5014288b3cdee939d19e19ce276fd70b906768d35462e","14259076","1645575560","2022-02-23 00:19:20","0x9361c1bbe1c7e3197758414b49d19bce1241668a","0xea2dc6f116a4c3d6a15f06b4e8ad582a07c3dd9c","","0.15","0","421.0935","0.011017266425717604","30.9286618642528","2580.97","","","0xe366c9ca",""
"0xc032ac754fda08d437cb5f9884eed2d9ef378bd524346c03225d10e53d8d6628","14259082","1645575618","2022-02-23 00:20:18","0xdbaf851e1cf67e905a69986c8d59323f88256fab","0xea2dc6f116a4c3d6a15f06b4e8ad582a07c3dd9c","","0.09","0","252.6561","0.01055834483525802","29.6403358725715","2580.97","","","0xe366c9ca",""
"0x61c18dee1a9ae7760d836ab05552c68a2739739e23829e8d466eb43b4d491a9b","14259084","1645575662","2022-02-23 00:21:02","0x0c87b5b404e460d92cf2500d30daf8590eff78f4","0xea2dc6f116a4c3d6a15f06b4e8ad582a07c3dd9c","","0.06","0","168.4374","0.010846916625480633","30.4504405735455","2580.97","","","0xe366c9ca",""
"0x069be7c53ac5de623a880e3176b476df50381304c6196f8a59a7889b7ba41dc6","14259105","1645575931","2022-02-23 00:25:31","0xaf30fe4386e788fc4a8f0c288bc184ca15034019","0xea2dc6f116a4c3d6a15f06b4e8ad582a07c3dd9c","","0.09","0","252.6561","0.009696653252217248","27.221317708417","2580.97","","","0xe366c9ca",""
"0x1f823b5f4e4323948284a6c98487e69efd51bb23bb914f21a7b1291d86be23ad","14259121","1645576027","2022-02-23 00:27:07","0x2fce3cb128dc9def6a34e230c609ad3dc4a7dd87","0xea2dc6f116a4c3d6a15f06b4e8ad582a07c3dd9c","","0.42","0","1179.0618","0.011661517732184124","32.7372621143832","2580.97","","","0xe366c9ca",""
"0xd0b90b5d56249c075ca676f786a6dccd6d42195f722eac83ea62b14d78752df2","14259123","1645576034","2022-02-23 00:27:14","0xd070ada7f4a088444e61bbfc1fe6a31d87ea0e92","0xea2dc6f116a4c3d6a15f06b4e8ad582a07c3dd9c","","0.06","0","168.4374","0.00721505969404737","20.2547649285022","2580.97","","","0xe366c9ca",""
"0x3a495709badd8846dadd212bf1335729caf3eb49bb43ea828c4d3c7b52d7dc1f","14259128","1645576072","2022-02-23 00:27:52","0x2b478224ebb11d711e6219f1096f870f1636b6f5","0xea2dc6f116a4c3d6a15f06b4e8ad582a07c3dd9c","","0.03","0","84.2187","0.0068847418164652","19.3274668539446","2580.97","","","0xe366c9ca",""
"0x8195b97ab6aec2e4f60281a778cfa23d71142874adb02bd75e217a623d2116b1","14259135","1645576103","2022-02-23 00:28:23","0x1a53f9f78063ca830924ba2cd0b1906b40de74fe","0xea2dc6f116a4c3d6a15f06b4e8ad582a07c3dd9c","","0.15","0","421.0935","0.00628149227860416","17.6339704588027","2580.97","","","0xe366c9ca",""
"0xa8922423029e8a1a45edb12d5f8d8854d991ac9726efefcb1412e9ad6b5dcc1d","14259161","1645576490","2022-02-23 00:34:50","0x482979f11f17c853f3a526a28d5d9381cd8aa635","0xea2dc6f116a4c3d6a15f06b4e8ad582a07c3dd9c","","0.15","0","421.0935","0.011190495037177548","31.4149648129182","2580.97","","","0xe366c9ca",""
"0x53e921046d09d219a38dd15b3cc6a1896c4ce8ed41988a560052173529b149c0","14259180","1645576824","2022-02-23 00:40:24","0x8e06c3ff26cd1b84f5228fd4dec6800506829ac6","0xea2dc6f116a4c3d6a15f06b4e8ad582a07c3dd9c","","0.3","0","842.187","0.0157910950908269","44.3301833375274","2580.97","","","0xe366c9ca",""
"0xa369d8e239499eab87d46993eb7e2215bb8057d6e55a00058f7357bc734ab2b6","14259182","1645576858","2022-02-23 00:40:58","0xf26dc8da6f5595fd954a4a7f6ce0fb97103af538","0xea2dc6f116a4c3d6a15f06b4e8ad582a07c3dd9c","","0.03","0","84.2187","0.012437120712268428","34.914604604344","2580.97","","","0xe366c9ca",""
"0x469bff6718222dd74b13a71ba43c233a3f092ce1a93b30c80a3442e51a0a3da6","14259188","1645576914","2022-02-23 00:41:54","0x7b37ae72e3e6a8330002f16865707aa26154a0af","0xea2dc6f116a4c3d6a15f06b4e8ad582a07c3dd9c","","0.03","0","84.2187","0.01132547761280344","31.793900047647","2580.97","","","0xe366c9ca",""
"0xbeeb1ab422cc09bea8f939da26d6dbbe73d2cc2d4773f73f7c28e88a33afa955","14259197","1645577041","2022-02-23 00:44:01","0x3d5259efeff28058fe7fc42e43da66ceaf1c71f9","0xea2dc6f116a4c3d6a15f06b4e8ad582a07c3dd9c","","0.06","0","168.4374","0.009983580324423951","28.0268052089521","2580.97","","","0xe366c9ca",""
"0x1b9340acb549c0486af0edf8b19f41ead1a2a7cceb01d7841f2fd7b0b949284d","14259206","1645577162","2022-02-23 00:46:02","0xd1674f577c92835a21ce682174e727180ccc3f71","0xea2dc6f116a4c3d6a15f06b4e8ad582a07c3dd9c","","0.06","0","168.4374","0.008564878123387257","24.0440967070038","2580.97","","","0xe366c9ca",""
"0xecc32576cd7d6caa45d94841dc5940fcfec0cf8a9eff7c862efac229d5120469","14259211","1645577226","2022-02-23 00:47:06","0xb465cc5ece7df606d855012e76896453da30c096","0xea2dc6f116a4c3d6a15f06b4e8ad582a07c3dd9c","","0.03","0","84.2187","0.008128603754623816","22.8193480343179","2580.97","","","0xe366c9ca",""
"0x14d1ce61aa5527d7af0e68978e537ee50de2eac5618d35d499aa32d85fa75e52","14259218","1645577357","2022-02-23 00:49:17","0xd8b513704af7295d820d4bdb3759a6631c04238c","0xea2dc6f116a4c3d6a15f06b4e8ad582a07c3dd9c","","0.12","0","336.8748","0.012457988326183491","34.9731860482117","2580.97","","","0xe366c9ca",""
"0xd4be7bbbc17fada19d700d0b1a641f5e5fc6189a43aefac3da1b47a6ec50e330","14259220","1645577384","2022-02-23 00:49:44","0xcc88d7015bf5ac721e2e5b165ae8250715fbdabf","0xea2dc6f116a4c3d6a15f06b4e8ad582a07c3dd9c","","0.03","0","84.2187","0.00994593229366506","27.921116268683","2580.97","","","0xe366c9ca",""
"0x05165be38fe98cf0e6bc9f64404869c366efc85a7f94c1a187a7340b3ca1df60","14259221","1645577388","2022-02-23 00:49:48","0x3d56976008320bf641bd003d231541a68b295ec0","0xea2dc6f116a4c3d6a15f06b4e8ad582a07c3dd9c","","0.03","0","84.2187","0.01177243579902663","33.0486412942495","2580.97","","","0xe366c9ca",""
"0x6287c22f1e436cc52c308381cc0013e0c854179ce4f9b3e295656e55ee3c3cbf","14259226","1645577478","2022-02-23 00:51:18","0xe5236b31dd9a20ab30e0c1be0ad957f8eedce347","0xea2dc6f116a4c3d6a15f06b4e8ad582a07c3dd9c","","0.09","0","252.6561","0.01221257949267006","34.2842522839777","2580.97","","","0xe366c9ca",""
"0x5a91b6b78c21c4cfd29cbf2179dec3a5112a669fd3ab08b027df9a7ed9cd0947","14259226","1645577478","2022-02-23 00:51:18","0xdf7189b9b6a61de2d093708ec0c4f4a76b4593eb","0xea2dc6f116a4c3d6a15f06b4e8ad582a07c3dd9c","","0.03","0","84.2187","0.0110689035435576","31.0736222287938","2580.97","","","0xe366c9ca",""
"0x48526656334526d6832f1166df11929063a1a23d0a75e1343c5830c8ba14b970","14259236","1645577639","2022-02-23 00:53:59","0x1350804da29d56eb3ec41189d8a7168fc017401a","0xea2dc6f116a4c3d6a15f06b4e8ad582a07c3dd9c","","0.06","0","168.4374","0.010923982880544559","30.6667879007239","2580.97","","","0xe366c9ca",""
"0x62fa655c65a8aa5eff3e33fb638c316309bf0720cdeb39b731e862cd158cfb4c","14259245","1645577813","2022-02-23 00:56:53","0x1f8edc7ab26b86b07928fc78bf38a13e5b004114","0xea2dc6f116a4c3d6a15f06b4e8ad582a07c3dd9c","","0.09","0","252.6561","0.011382030534618264","31.9526604995285","2580.97","","","0xe366c9ca",""
"0xcb6cebc62feff056b1a5524910b491f67d7bc3674cf9ac3d82d562c38198aa1e","14259247","1645577830","2022-02-23 00:57:10","0x423e521b8b13b4a2c1ad2bee11a673093555b755","0xea2dc6f116a4c3d6a15f06b4e8ad582a07c3dd9c","","0.03","0","84.2187","0.00934806904314027","26.2427407441172","2580.97","","","0xe366c9ca",""
"0xb35819b8d9e7ef34a506355dd3eb4616d6df0f5239b502aef8a2a665bc1077b2","14259250","1645577865","2022-02-23 00:57:45","0xd7b0dd6d5ca88447722e067997ead056652207a5","0xea2dc6f116a4c3d6a15f06b4e8ad582a07c3dd9c","","0.03","0","84.2187","0.009028439530721928","25.3454480102004","2580.97","","","0xe366c9ca",""
"0xeaeac1d2dd3c8779ff8794df9148eed91021bec1c44bca84a4abd11fc0da9b6f","14259253","1645577897","2022-02-23 00:58:17","0x24c52198364a5932e37a95ae53c3ab0b00f3c0d3","0xea2dc6f116a4c3d6a15f06b4e8ad582a07c3dd9c","","0.06","0","168.4374","0.009247127698577078","25.9593691169384","2580.97","","","0xe366c9ca",""
"0x06655ec68ea79e2db656cc925a4b3b69424239c63f0515ae8954a82697db2046","14259255","1645577946","2022-02-23 00:59:06","0x30a607d58d15a95628638339968031923ba9438d","0xea2dc6f116a4c3d6a15f06b4e8ad582a07c3dd9c","","0.06","0","168.4374","0.00924728599508061","25.9598135011298","2580.97","","","0xe366c9ca",""
"0x1bb0f383230244eef7912709fc6cb2454719b529b7e228d9b81a7781262d286e","14259261","1645577993","2022-02-23 00:59:53","0xc47865973394e8992d0e87e2048e929fceb819ca","0xea2dc6f116a4c3d6a15f06b4e8ad582a07c3dd9c","","0.03","0","84.2187","0.010082153734639782","28.3035293577169","2580.97","","","0xe366c9ca",""
"0xfcfe68f57b1623f266bba43c929055bc94e16bcdc222d77162d131ce424ac64c","14259261","1645577993","2022-02-23 00:59:53","0xae244c9418b8b8dafe6e752c71bfbb991da1a431","0xea2dc6f116a4c3d6a15f06b4e8ad582a07c3dd9c","","0.03","0","84.2187","0.007802682051591488","21.9043912966123","2580.97","","","0xe366c9ca",""
"0xd814b9ef45129839bf4faa87dd93adb83d603f0ed817267b07122c922823d83a","14259265","1645578039","2022-02-23 01:00:39","0x0bbe17ffb2dff302f1eade3f39390cf4ee60f4fc","0xea2dc6f116a4c3d6a15f06b4e8ad582a07c3dd9c","","0.03","0","84.2187","0.00953781607004204","26.7754156752683","2580.97","","","0xe366c9ca",""
"0xfe4405398a3ccf70de001f307967ba72c286f215c5b05515164baa98a4f00385","14259267","1645578054","2022-02-23 01:00:54","0x63c9fb006e4474699cc6ccd09167ce5d2a875c9d","0xea2dc6f116a4c3d6a15f06b4e8ad582a07c3dd9c","","0.12","0","336.8748","0.00967385880654809","27.1573270890344","2580.97","","","0xe366c9ca",""
"0x13e51acb639a27cd3d8cb868f2dd24f66e8dc0ff3e2f7e3c460fb4d22838c32f","14259268","1645578065","2022-02-23 01:01:05","0xb68aacc251408deb774b55e9730f91ed598a6cf3","0xea2dc6f116a4c3d6a15f06b4e8ad582a07c3dd9c","","0.09","0","252.6561","0.010482980458977196","29.4287662126821","2580.97","","","0xe366c9ca",""
"0xc4d0a716dd13ba22033e85cfb9c4d0f2a6180755a43d44210d4801d48dfff39b","14259268","1645578065","2022-02-23 01:01:05","0x4b6697855b7d22fbc7d14f1a3b1ff08770aa89f6","0xea2dc6f116a4c3d6a15f06b4e8ad582a07c3dd9c","","0.06","0","168.4374","0.010290204792584667","28.887589012175","2580.97","","","0xe366c9ca",""
"0x0c19edf2d664b1f5a1530a107290f7f219ae2c09bf868800ffa806231c5af8f0","14259269","1645578084","2022-02-23 01:01:24","0x065b0a2744be4b28cb8bedb7154a3d64dcd93c63","0xea2dc6f116a4c3d6a15f06b4e8ad582a07c3dd9c","","0.06","0","168.4374","0.011625233411684451","32.6354015042876","2580.97","","","0xe366c9ca",""
"0x2c4a15a0c7cc4e52b856d21c29f43c73166060a1bf3d2d6753741517dea24c80","14259269","1645578084","2022-02-23 01:01:24","0xb84914f420b6de809ac1ed3d4427d90ed596b41c","0xea2dc6f116a4c3d6a15f06b4e8ad582a07c3dd9c","","0.03","0","84.2187","0.00959134520640762","26.925687484496","2580.97","","","0xe366c9ca",""
"0xb6cb7b5a3424699df4b55305bc6840b743f1fc7fbc61b44feab56c37fa1ddca4","14259274","1645578149","2022-02-23 01:02:29","0x00acc3f963b275260343222ba3b9ae9e4123aa36","0xea2dc6f116a4c3d6a15f06b4e8ad582a07c3dd9c","","0.03","0","84.2187","0.0091557764823939","25.7029197612596","2580.97","","","0xe366c9ca",""
"0x9cb46fbadbf38c7521b5df8724c5f611a666394f75aadf9033ec6a49ca6b7127","14259274","1645578149","2022-02-23 01:02:29","0x06b4ec4cd1158a12ae3604ed2194b60ebe22b66a","0xea2dc6f116a4c3d6a15f06b4e8ad582a07c3dd9c","","0.06","0","168.4374","0.009265586548152376","26.0111884607627","2580.97","","","0xe366c9ca",""
"0xf2666da501a41d5bb8ff0f2e0de7781949f2c8bb30fa4078b5f38c62c07852e2","14259274","1645578149","2022-02-23 01:02:29","0xbb4ad4fe66648a5e6715e08b31eff3419e509f5e","0xea2dc6f116a4c3d6a15f06b4e8ad582a07c3dd9c","","0.06","0","168.4374","0.00926384216909028","26.0062914828655","2580.97","","","0xe366c9ca",""
"0x60266e82d90d710be33b215f616530727b49f29bec2c9511aad9002fc91a49e2","14259274","1645578149","2022-02-23 01:02:29","0x8c148c921963c7938bb825e17560d1ca1d9c881f","0xea2dc6f116a4c3d6a15f06b4e8ad582a07c3dd9c","","0.03","0","84.2187","0.00908583621479912","25.5065771474434","2580.97","","","0xe366c9ca",""
"0xc96951734f261ffa2ac23dc3e70e46d7392c9dd444517162af478baf1ee3ca33","14259274","1645578149","2022-02-23 01:02:29","0xdcfd7b9f9dd4cedba1a24cbc1a87b5ad4fbcf6b0","0xea2dc6f116a4c3d6a15f06b4e8ad582a07c3dd9c","","0.03","0","84.2187","0.008620226352480448","24.1994752370548","2580.97","","","0xe366c9ca",""
"0xa39c1a6e69a3a55a1a4e5d9fbb6e84b1e871863af12beba6d8279c217b1b1b71","14259274","1645578149","2022-02-23 01:02:29","0x4436d0999e0f407252d23a9ce9b7071031a0df77","0xea2dc6f116a4c3d6a15f06b4e8ad582a07c3dd9c","","0.09","0","252.6561","0.008952849258172224","25.1332441939743","2580.97","","","0xe366c9ca",""
"0xd4ede2547499c5845aff85dfc35db66cc01760bdc035abb7a650f1425c629d36","14259274","1645578149","2022-02-23 01:02:29","0x67e1e0ca2fb369f26889e56c38d490b63d75656e","0xea2dc6f116a4c3d6a15f06b4e8ad582a07c3dd9c","","0.09","0","252.6561","0.00882898777491445","24.7855290906396","2580.97","","","0xe366c9ca",""
"0x27ffb6d48d327c4d0e709796f198cdabc487a81155d0f470fe2ec510adb613f1","14259274","1645578149","2022-02-23 01:02:29","0xc1d553f094c6447b1357f93a199b3090b81ec5e6","0xea2dc6f116a4c3d6a15f06b4e8ad582a07c3dd9c","","0.09","0","252.6561","0.00882972939505514","24.7876110334443","2580.97","","","0xe366c9ca",""
"0x8536c5cf11620be372b51412e6aa01788c0d5b010cf82d249805538f00d8488c","14259281","1645578264","2022-02-23 01:04:24","0xc4fbafafe2ece3b2b94ab735a4079493faae73b3","0xea2dc6f116a4c3d6a15f06b4e8ad582a07c3dd9c","","0.03","0","84.2187","0.009977518775865502","28.0097886842995","2580.97","","","0xe366c9ca",""
"0xf98ce7d10c79a44e8164bc2ee6f8f629a0dc48321c1ea4e569e553100adc7e13","14259284","1645578335","2022-02-23 01:05:35","0x48ef2104b568256e69ef57b415a5138757b5ea3d","0xea2dc6f116a4c3d6a15f06b4e8ad582a07c3dd9c","","0.06","0","168.4374","0.011515946280250923","32.3286008330856","2580.97","","","0xe366c9ca",""
"0x893b2f41ac8966e937dbc8d4881e5614fbfc2a7d5539bedb81447822f1f60f61","14259284","1645578335","2022-02-23 01:05:35","0x1a9ebe678159bc3e34dc101782ffee26033aedac","0xea2dc6f116a4c3d6a15f06b4e8ad582a07c3dd9c","","0.06","0","168.4374","0.009241598137745195","25.9438460361107","2580.97","","","0xe366c9ca",""
"0xe191a85797b70467346ca46f489f0e2168a478730bb2f8a6968f3cc7c7efb04b","14259284","1645578335","2022-02-23 01:05:35","0x00f9ed32b1da22e8b6e5ac9b4a9cc2a8e1c4e59c","0xea2dc6f116a4c3d6a15f06b4e8ad582a07c3dd9c","","0.06","0","168.4374","0.009240015875512135","25.9394041671665","2580.97","","","0xe366c9ca",""
"0xec8f31c751c700408019332d7856a2a38ace2c96b22241fb00d237675e94c607","14259284","1645578335","2022-02-23 01:05:35","0xe9452a904e833d3e64b159581884d196e5ece123","0xea2dc6f116a4c3d6a15f06b4e8ad582a07c3dd9c","","0.03","0","84.2187","0.00906794485766686","25.4563509194796","2580.97","","","0xe366c9ca",""
"0xe20a1dcc95fa34b253ed35af0bdb3f04640b70c9623bf36ba34eec8e40717fc2","14259284","1645578335","2022-02-23 01:05:35","0xc148e88d31c32225379b5caeb9d6669037768108","0xea2dc6f116a4c3d6a15f06b4e8ad582a07c3dd9c","","0.03","0","84.2187","0.008884673151246164","24.9418540907618","2580.97","","","0xe366c9ca",""
"0x94eeeded9c3ce3290a274144c6a2072662e5f9653be0162c1649e66736c7aa04","14259284","1645578335","2022-02-23 01:05:35","0x9b0f4f79bf421ab9f25f955de687e4fb59745c2f","0xea2dc6f116a4c3d6a15f06b4e8ad582a07c3dd9c","","0.03","0","84.2187","0.00756454219789945","21.2358636667411","2580.97","","","0xe366c9ca",""
"0xc9f96ac8158d54191a69ea646461a0208c0646933f35f95590fc5310608657d8","14259284","1645578335","2022-02-23 01:05:35","0xb7fdc5f89d5d76aee87328a70aec87925198566a","0xea2dc6f116a4c3d6a15f06b4e8ad582a07c3dd9c","","0.03","0","84.2187","0.007449","20.91150321","2580.97","","","0xe366c9ca",""
"0xd5a14004d0e2a4b52b3aeb72b95e22419394dbf7d1b7e6aed8f1d329d1052462","14259289","1645578364","2022-02-23 01:06:04","0xebbbbb20f4546a279bdb5b7693f7120a43482e51","0xea2dc6f116a4c3d6a15f06b4e8ad582a07c3dd9c","","0.03","0","84.2187","0.00912371947245202","25.6129264378198","2580.97","","","0xe366c9ca",""
"0xf9e454bf224570e9f2217a6212378eac2c4c349a6c747136772d2c4c886db05e","14259294","1645578472","2022-02-23 01:07:52","0x0bbe17ffb2dff302f1eade3f39390cf4ee60f4fc","0xea2dc6f116a4c3d6a15f06b4e8ad582a07c3dd9c","","0.03","0","84.2187","0.00758529550044456","21.294124205443","2580.97","","","0xe366c9ca",""
"0x083c6e512ad38164076eb7e91e77c11edc8a30dbfed9fb32ed63a93a2416efc0","14259294","1645578472","2022-02-23 01:07:52","0xf6dab22d6fabc48998ee783c38afd1ac700fbefe","0xea2dc6f116a4c3d6a15f06b4e8ad582a07c3dd9c","","0.03","0","84.2187","0.0107332902355614","30.1314583453892","2580.97","","","0xe366c9ca",""
"0x3fb6d131ed8d8db75d3e2786ab48880323d1db1d30a6608b5f9fa1e2d1229ba5","14259300","1645578598","2022-02-23 01:09:58","0x0a93a0d1770e117d59af79ee6685e2b82b705647","0xea2dc6f116a4c3d6a15f06b4e8ad582a07c3dd9c","","0.09","0","252.6561","0.01271055658536846","35.682218396539","2580.97","","","0xe366c9ca",""
"0x07a36b7480c168d461a615073cc22ddc19f9f51bed2fe5122868fb624aa22466","14259304","1645578644","2022-02-23 01:10:44","0x9f04522275720ddf51a2df99c00e726ed7eb2cb3","0xea2dc6f116a4c3d6a15f06b4e8ad582a07c3dd9c","","0.06","0","168.4374","0.0110630807220306","31.0572758801493","2580.97","","","0xe366c9ca",""
"0xc1344bd33625219a7d2955db1216b4e9435e55a80d0761b9b9ac3711458bc466","14259309","1645578702","2022-02-23 01:11:42","0x44f4e6c03b05ba04a08e2311040c85dc492493ef","0xea2dc6f116a4c3d6a15f06b4e8ad582a07c3dd9c","","0.03","0","84.2187","0.009559731562980048","26.8369388194383","2580.97","","","0xe366c9ca",""
"0x2e8bcbd643c76635d6d2ab9dfc8b1d0007b8f735d3379e977adb80f29e726165","14259310","1645578707","2022-02-23 01:11:47","0x07f487bde731fcf49941f809645e974992e66332","0xea2dc6f116a4c3d6a15f06b4e8ad582a07c3dd9c","","0.03","0","84.2187","0.00993230126701686","27.8828500238838","2580.97","","","0xe366c9ca",""
"0x83ebaf89886f9309cf225b96d17c4aa8bba7d59415d3c65c39535b179a9c74ce","14259312","1645578719","2022-02-23 01:11:59","0xe2f3b74fcbc0567a1baee792852d756b9e75bd07","0xea2dc6f116a4c3d6a15f06b4e8ad582a07c3dd9c","","0.06","0","168.4374","0.008710450890851979","24.4527616813799","2580.97","","","0xe366c9ca",""
"0x137e976b58764cf626039550d1869021ee5622adcb10c5a9f05a9050cb5bf88e","14259313","1645578724","2022-02-23 01:12:04","0x68865eac0544c12f7aa62087e4a907b14cf46b9b","0xea2dc6f116a4c3d6a15f06b4e8ad582a07c3dd9c","","0.09","0","252.6561","0.00844091035022027","23.6960832170699","2580.97","","","0xe366c9ca",""
"0xaca433bb11e2079e258a8118a58114f9af6629aa8927d130b1c6d9394f63c237","14259313","1645578724","2022-02-23 01:12:04","0x72703b554a7089f93ff1fc6cc6c0e623900a7b80","0xea2dc6f116a4c3d6a15f06b4e8ad582a07c3dd9c","","0.3","0","842.187","0.008924247281636766","25.0529501512661","2580.97","","","0xe366c9ca",""
"0xe086c2693da0f745e2ea7b4b0fde65373703b6f4818431d048c083f094877a28","14259314","1645578728","2022-02-23 01:12:08","0x997173891c78860e7d03e8ef4098b86878e53e58","0xea2dc6f116a4c3d6a15f06b4e8ad582a07c3dd9c","","0.03","0","84.2187","0.00819039841510476","22.9928235667394","2580.97","","","0xe366c9ca",""
"0x45007c05b5033e24c4b70552260bd875d45e05442978c66585ca8e53fda85496","14259314","1645578728","2022-02-23 01:12:08","0xcd340319b8513908dd414e04125ec1f6aed6c65d","0xea2dc6f116a4c3d6a15f06b4e8ad582a07c3dd9c","","0.06","0","168.4374","0.008289189309909005","23.2701582578145","2580.97","","","0xe366c9ca",""
"0x6d0a515d0d738dff065185e4863b7f8010c002d49e06cdafa62fdca0ee1256a3","14259317","1645578834","2022-02-23 01:13:54","0x48ef2104b568256e69ef57b415a5138757b5ea3d","0xea2dc6f116a4c3d6a15f06b4e8ad582a07c3dd9c","","0","0","0","0.0079361408","22.279048706432","2580.97","","","Safe Transfer From",""
"0x694e83dcd047a8499a84ab701069af774e24d4caa41c948736b1038595ece0fd","14259323","1645578918","2022-02-23 01:15:18","0x82e133653e5069a61062b28795ef19a99a3d2c75","0xea2dc6f116a4c3d6a15f06b4e8ad582a07c3dd9c","","0.06","0","168.4374","0.009704425398386225","27.2431363766357","2580.97","","","0xe366c9ca",""
"0x217b66d938ff70f0abe82ff7a89728204f3e312aeec9344ed6e9b6b3227d2f57","14259326","1645578927","2022-02-23 01:15:27","0x1892622cae079aea7e328aa15bad56a11ddc4d9f","0xea2dc6f116a4c3d6a15f06b4e8ad582a07c3dd9c","","0.03","0","84.2187","0.00963239027875396","27.0409129056432","2580.97","","","0xe366c9ca",""
"0xba559a62f70d1a37cd03211d582b792ff58883e75baec041cc45f2b4f38aecbb","14259332","1645579020","2022-02-23 01:17:00","0x3571e6fd23499f6c016fc9afcffc71fb3fd08402","0xea2dc6f116a4c3d6a15f06b4e8ad582a07c3dd9c","","0.03","0","84.2187","0.01115865856605096","31.3255906058892","2580.97","","","0xe366c9ca",""
"0x90e9b1071247348d53fe299b28e7199632e13adec0426891cb5f729c95335adb","14259332","1645579020","2022-02-23 01:17:00","0x211fdfa74b2b0cb1c561d9448e7e96b4c210cd8f","0xea2dc6f116a4c3d6a15f06b4e8ad582a07c3dd9c","","0.03","0","84.2187","0.011158463774071104","31.3250437683121","2580.97","","","0xe366c9ca",""
"0xa113e92fe951750a31cdf2968a4c49da1b30c6e0442cba201ffb1295e59e7892","14259344","1645579166","2022-02-23 01:19:26","0x4f783a3f1192db0ae0d06c3554b767dfc75f144e","0xea2dc6f116a4c3d6a15f06b4e8ad582a07c3dd9c","","0.39","0","1094.8431","0.01032841799926131","28.9948645651463","2580.97","","","0xe366c9ca",""
"0x1c2a0b2bcba1f6bc3335502533cbde407cf57d1dbdf9aa529015e09e6b41249c","14259346","1645579214","2022-02-23 01:20:14","0xc37f82996dde442ff559572427276697eb923517","0xea2dc6f116a4c3d6a15f06b4e8ad582a07c3dd9c","","0.03","0","84.2187","0.00975839618243249","27.3946480189809","2580.97","","","0xe366c9ca",""
"0xfcabb76ede85b7f612d7189545bc89d7ba87eebe7822f612fe4b3257501f903c","14259357","1645579370","2022-02-23 01:22:50","0xa2665b6abc3e60529b1ced6fe46a9579cdca22d3","0xea2dc6f116a4c3d6a15f06b4e8ad582a07c3dd9c","","0.03","0","84.2187","0.010717527614391808","30.087208096606","2580.97","","","0xe366c9ca",""
"0xf6ccddd5b0e528846f16cdf2a175e4ca1ce28dd3e62ff3697f42862e686d9ff4","14259362","1645579415","2022-02-23 01:23:35","0x75d63d5a188823ce02d1d65e87de9f655c5014d7","0xea2dc6f116a4c3d6a15f06b4e8ad582a07c3dd9c","","0.06","0","168.4374","0.00996400869499638","27.9718619693764","2580.97","","","0xe366c9ca",""
"0x9a215da98aa59e2549fc043b7d028c28b4d1dd8a1c7d432884c43490bb66630e","14259362","1645579415","2022-02-23 01:23:35","0x1bac4d218b2d25746a48a489cafd3c69b2a6b8c8","0xea2dc6f116a4c3d6a15f06b4e8ad582a07c3dd9c","","0.03","0","84.2187","0.00977287699183284","27.4352998504024","2580.97","","","0xe366c9ca",""
"0x3fc690b631dd2f45609667b4b212b8c273efd61a8567eb1192c28a834c2862e4","14259362","1645579415","2022-02-23 01:23:35","0xd3d3b70a9ba3d6c8de8809ead75a3ca47915ceb9","0xea2dc6f116a4c3d6a15f06b4e8ad582a07c3dd9c","","0.06","0","168.4374","0.008896980466415796","24.9764042935644","2580.97","","","0xe366c9ca",""
"0x0e9a3a308084bcbabad0f41214787e8e20a90054dd73407cd46a77a49db72c28","14259362","1645579415","2022-02-23 01:23:35","0x2eb83642c4b6d930a523693fadb242eca8f5e4b2","0xea2dc6f116a4c3d6a15f06b4e8ad582a07c3dd9c","","0.03","0","84.2187","0.008726454436263464","24.4976882743781","2580.97","","","0xe366c9ca",""
"0x96f5ffcdb8b476a3203db9fc6668e9de6f2e65f42fcdbd7d255deb2f27d38bf7","14259373","1645579571","2022-02-23 01:26:11","0x0e245e7f432dc5f464b953796f4d2dbcdcd7a2a6","0xea2dc6f116a4c3d6a15f06b4e8ad582a07c3dd9c","","0.09","0","252.6561","0.01009005349620284","28.3257062793553","2580.97","","","0xe366c9ca",""
"0x0a5ad66233f66c2682c2cf26178957017961c28276c5a217e3ebcc639cd1c098","14259373","1645579571","2022-02-23 01:26:11","0x40c5660dbe4ca243410b2d99f96ae88401beab48","0xea2dc6f116a4c3d6a15f06b4e8ad582a07c3dd9c","","0.03","0","84.2187","0.00918820769680494","25.7939635851635","2580.97","","","0xe366c9ca",""
"0xec82ad93576d6832c3455061ce90a83bc6ff9bd60ce66f83529b142a863ef6ed","14259378","1645579598","2022-02-23 01:26:38","0xc6d97d379deed14affb8c8808dfbb96e66920833","0xea2dc6f116a4c3d6a15f06b4e8ad582a07c3dd9c","","0.06","0","168.4374","0.00785629619423022","22.0549017431006","2580.97","","","0xe366c9ca",""
"0x5695a1c5069029d7c5d83a9ae237f47b21f7a81865e3d361543eb14a918873fc","14259378","1645579598","2022-02-23 01:26:38","0x72703b554a7089f93ff1fc6cc6c0e623900a7b80","0xea2dc6f116a4c3d6a15f06b4e8ad582a07c3dd9c","","0.33","0","926.4057","0.006758654185957658","18.9735023096971","2580.97","","","0xe366c9ca",""
"0x1a03707d1fafa9995d22833da7eb60099b201b8bcb33616af290f6eba45d5817","14259378","1645579598","2022-02-23 01:26:38","0xab4f91f29b97c016f2707dffdd214b0a56b18936","0xea2dc6f116a4c3d6a15f06b4e8ad582a07c3dd9c","","0.03","0","84.2187","0.007544930809514554","21.1808088122421","2580.97","","","0xe366c9ca",""
"0xca61ac1df99e28e3c44141dde2282b76f747e50fdff0fe52da4e8ea15c4cb5c9","14259390","1645579817","2022-02-23 01:30:17","0x6dfa6d2ba2f8d6e16e16e2e0d3cf4666cae62ea9","0xea2dc6f116a4c3d6a15f06b4e8ad582a07c3dd9c","","0.03","0","84.2187","0.01132768923753923","31.8001087196515","2580.97","","","0xe366c9ca",""
"0x6e59e5a1f6fbbb80189926388b066ec5ba499f04bdc7316bd36ff335257940e0","14259403","1645580008","2022-02-23 01:33:28","0x0bbe17ffb2dff302f1eade3f39390cf4ee60f4fc","0xea2dc6f116a4c3d6a15f06b4e8ad582a07c3dd9c","","0.03","0","84.2187","0.00805856188337176","22.6227201895707","2580.97","","","0xe366c9ca",""
"0x94ed3bb549ab9f67db8090360c72aea487b34bab8f85836afc7a68771be10652","14259412","1645580102","2022-02-23 01:35:02","0xcba862909ff8e881ea76de6ac192550910d19453","0xea2dc6f116a4c3d6a15f06b4e8ad582a07c3dd9c","","0.06","0","168.4374","0.00888956328661625","24.9555821188849","2580.97","","","0xe366c9ca",""
"0xb1939616793013de1857ef90c3f81714cc19e347a7d844aa2e94641036119c57","14259415","1645580132","2022-02-23 01:35:32","0xf7e33d7aa1bfb706f16504a1257704f1e8ffc1ef","0xea2dc6f116a4c3d6a15f06b4e8ad582a07c3dd9c","","0.09","0","252.6561","0.009679907209664484","27.174306710619","2580.97","","","0xe366c9ca",""
"0xd05967ee710e083af7605630e40d649415145a25996489e74c60e6ee17ca88fa","14259417","1645580135","2022-02-23 01:35:35","0xa19379f1dc8b3f291dba5572ca3d4cd783f0e03a","0xea2dc6f116a4c3d6a15f06b4e8ad582a07c3dd9c","","0.06","0","168.4374","0.008289746781595727","23.2717232425059","2580.97","","","0xe366c9ca",""
"0x0ccf221ed40790e6f9bec19a1dae673aea1a758a4361c3b1e1b226e6f6c44ba0","14259417","1645580135","2022-02-23 01:35:35","0x3e5da968101d0a0a0fe198ead94856b07b81d57d","0xea2dc6f116a4c3d6a15f06b4e8ad582a07c3dd9c","","0.39","0","1094.8431","0.009502745598253248","26.6769626905204","2580.97","","","0xe366c9ca",""
"0x237f0f9fc4f684aba34c2d8c55710a203df419e23dabf53e92a55c68c80f6c06","14259417","1645580135","2022-02-23 01:35:35","0xb4a3c618b6b9033e92d1403ba85fff8069a1cef0","0xea2dc6f116a4c3d6a15f06b4e8ad582a07c3dd9c","","0.03","0","84.2187","0.0073956418249188","20.7617113386763","2580.97","","","0xe366c9ca",""
"0xa5658e1ec297312ae93dfd6feb9e72ce0b7ee4913baea2fb93b52e57ba80089d","14259417","1645580135","2022-02-23 01:35:35","0x685f0298080adfbe044df2f3ba31cbd7966072f5","0xea2dc6f116a4c3d6a15f06b4e8ad582a07c3dd9c","","0.03","0","84.2187","0.00728619915882552","20.4544740365793","2580.97","","","0xe366c9ca",""
"0x76b7f3d966e7d16ea43a7d565ad673d79e852dbea76b48525edca706280be0fb","14259432","1645580352","2022-02-23 01:39:12","0x51050ec063d393217b436747617ad1c2285aeeee","0xea2dc6f116a4c3d6a15f06b4e8ad582a07c3dd9c","","0.15","0","421.0935","0.00984077977222703","27.6259226467752","2580.97","","","0xe366c9ca",""
"0xb7c642f94b2cbc38e0cb4c0bfef51916e61ee8ea5c4cc8c7b3816066868f428f","14259432","1645580352","2022-02-23 01:39:12","0x26cf64d558f279743d6d71ec73d6222e6ab2e3b6","0xea2dc6f116a4c3d6a15f06b4e8ad582a07c3dd9c","","0.06","0","168.4374","0.009303930303393241","26.1188305014128","2580.97","","","0xe366c9ca",""
"0xec60a53c8b769185d740056ced3c8461b2c2712601cdf2b74174f4a5658e3c61","14259436","1645580384","2022-02-23 01:39:44","0x22cbf92936f171e073350eb771d6f0c8b38330e0","0xea2dc6f116a4c3d6a15f06b4e8ad582a07c3dd9c","","0.03","0","84.2187","0.009301419009844632","26.1117805721467","2580.97","","","0xe366c9ca",""
"0x3ac7384ed8245d5cde56c93da78985088391de37149d0c5c78c274a53c395791","14259444","1645580490","2022-02-23 01:41:30","0x9ab53482709d76346123bf4881dcdbe9cfac14ef","0xea2dc6f116a4c3d6a15f06b4e8ad582a07c3dd9c","","0.03","0","84.2187","0.009698454639390472","27.2263747246145","2580.97","","","0xe366c9ca",""
"0x780022196573131dd1cf60633aef9a6d2531d16357dbe19c6b3891d9c13809e2","14259462","1645580795","2022-02-23 01:46:35","0x9d713029e28895c11cada12a3c72848e76a4e04d","0xea2dc6f116a4c3d6a15f06b4e8ad582a07c3dd9c","","0.03","0","84.2187","0.010860164510977608","30.4876312300223","2580.97","","","0xe366c9ca",""
"0x1528050c7bae5a7985980cdeca59f37d3dea6466fb7b2484731e21224ede1830","14259465","1645580808","2022-02-23 01:46:48","0x0c6b85d0721905f7ac7bed47cebe58c0b977677e","0xea2dc6f116a4c3d6a15f06b4e8ad582a07c3dd9c","","0.15","0","421.0935","0.009095826337649106","25.534622319419","2580.97","","","0xe366c9ca",""
"0x80c418dfa1fa19f2f5381145a5db6e672ebf05f55f5f5a375f845fc1e6e2effc","14259467","1645580814","2022-02-23 01:46:54","0x830208474d7001f813222dcae4403348162a73c1","0xea2dc6f116a4c3d6a15f06b4e8ad582a07c3dd9c","","0.03","0","84.2187","0.008545817273020626","23.9905873723781","2580.97","","","0xe366c9ca",""
"0x2114a2284f4b74e67ef74e71f8ae17a4bf74ac2fbe27fe5ba6428df5b5029c82","14259470","1645580838","2022-02-23 01:47:18","0xc364914aaad2f69d33f3628303cff8708e219540","0xea2dc6f116a4c3d6a15f06b4e8ad582a07c3dd9c","","0.03","0","84.2187","0.007464372795718104","20.9546591056915","2580.97","","","0xe366c9ca",""
"0x6b9924b2dc13531617f8ddcb27744b0dde7ab9e47facc120797b503bc366325b","14259470","1645580838","2022-02-23 01:47:18","0x8152ac7c050a6adb4b293a5482ae5922d4a29f81","0xea2dc6f116a4c3d6a15f06b4e8ad582a07c3dd9c","","0.12","0","336.8748","0.007558529138663022","21.2189832656773","2580.97","","","0xe366c9ca",""
"0x8f651bb0371518245d45060166343814122f92cf3979106d09c4fbe63d8cda5c","14259484","1645581031","2022-02-23 01:50:31","0x66f6794168b6e0c8a55a675ea262625304e755f7","0xea2dc6f116a4c3d6a15f06b4e8ad582a07c3dd9c","","0.03","0","84.2187","0.007997290609408002","22.450713954885","2580.97","","","0xe366c9ca",""
"0xfdc925b7c47ca1433c074becab06f92c9a9213b78dd55f43de1dc1a0ab66a26c","14259487","1645581060","2022-02-23 01:51:00","0xcd2caa8c7e360b0cff4b7a586a1aa1b5497e8ede","0xea2dc6f116a4c3d6a15f06b4e8ad582a07c3dd9c","","0.03","0","84.2187","0.007895569376726472","22.1651529555905","2580.97","","","0xe366c9ca",""
"0x474e630cd97c3946d0eef1bb64c0f3542a1eb89f4d82da704a455f48f22ebfad","14259489","1645581073","2022-02-23 01:51:13","0xd8d97db2a8caec33d58420aaf637cb41058cb58d","0xea2dc6f116a4c3d6a15f06b4e8ad582a07c3dd9c","","0.03","0","84.2187","0.00673337748615543","18.9025432831093","2580.97","","","0xe366c9ca",""
"0x6274f62b2936c80e496d4528329101a2e26e2640acb31b1b4a8496c44587ff26","14259513","1645581391","2022-02-23 01:56:31","0xf17f2e5751b2ef41b888451089e3f84f9274daad","0xea2dc6f116a4c3d6a15f06b4e8ad582a07c3dd9c","","0.03","0","84.2187","0.00774935203822389","21.7546784833855","2580.97","","","0xe366c9ca",""
"0x3f6ec943523c246b34317973a338ad0489790bdf77a6f2bb2e11c4384c2ce2e1","14259521","1645581498","2022-02-23 01:58:18","0x63b7b72366704b046bd50627449e5fc9038f5256","0xea2dc6f116a4c3d6a15f06b4e8ad582a07c3dd9c","","0.03","0","84.2187","0.008020399604704864","22.5155876062919","2580.97","","","0xe366c9ca",""
"0xe6208cfbb2a334303d62795294c9b4de476c3f7b8e6816258393ad39c6fefc6d","14259551","1645581846","2022-02-23 02:04:06","0xa9c4f31a007423d0ea4165f5f2699a80466adfc2","0xea2dc6f116a4c3d6a15f06b4e8ad582a07c3dd9c","","0.03","0","84.2187","0.00913985849639824","25.6582333583538","2580.97","","","0xe366c9ca",""
"0x9863cefdad7154d2ad18032af016cef4ddcb41aa5089bc0089654d6f27360235","14259551","1645581846","2022-02-23 02:04:06","0xc93ff4aae0701aa8bd74d18bb06a04380d5db30d","0xea2dc6f116a4c3d6a15f06b4e8ad582a07c3dd9c","","0.03","0","84.2187","0.0082919265206976","23.2778424022892","2580.97","","","0xe366c9ca",""
"0xed7ec813d459f8649acf1a11e7db9d479fdf8509b87ddfb1bf705cacffaac5ea","14259551","1645581846","2022-02-23 02:04:06","0xf31faa095adb816fe30277de1b3aaa3846a3dc4d","0xea2dc6f116a4c3d6a15f06b4e8ad582a07c3dd9c","","0.03","0","84.2187","0.00778392500258622","21.8517348205103","2580.97","","","0xe366c9ca",""
"0xb88399a66f44bea254012f5d8e9003453d54633bb59fb79d1e9344b8f343893a","14259583","1645582229","2022-02-23 02:10:29","0xf6677a120d17a37e3ec54a2733db6e74121cef37","0xea2dc6f116a4c3d6a15f06b4e8ad582a07c3dd9c","","0.03","0","84.2187","0.00981406009089947","27.5509127525812","2580.97","","","0xe366c9ca",""
"0xa5d02da53e09f5e2bd973ddad29f503d67cdba9128c08abcfcbb9988861db730","14259585","1645582271","2022-02-23 02:11:11","0x83988ffc6f4352bd22cb68b815d2ed52fc897ccc","0xea2dc6f116a4c3d6a15f06b4e8ad582a07c3dd9c","","0.09","0","252.6561","0.00980202792440653","27.5171349719072","2580.97","","","0xe366c9ca",""
"0x5457c5051824cab67ebceb8e0606fb15d4be54348150233e6f0136c5fe53b89c","14259600","1645582401","2022-02-23 02:13:21","0x72fb52ea61bfc7bf9a184ecb1b2f1c336ca0b8bf","0xea2dc6f116a4c3d6a15f06b4e8ad582a07c3dd9c","","0.03","0","84.2187","0.007148770625207774","20.0686722884395","2580.97","","","0xe366c9ca",""
"0xd6db1e4d58b07b4ef55edb01875780980abbf90f6f6f92a8513d015a390bfdde","14259622","1645582612","2022-02-23 02:16:52","0xb793f132cf1626b338957ee67ca877440cdd8db2","0xea2dc6f116a4c3d6a15f06b4e8ad582a07c3dd9c","","0.03","0","84.2187","0.006366669551527592","17.8730877653079","2580.97","","","0xe366c9ca",""
"0x8645363d3490b730fdd93e22755f9b91a8b96ded1f2cd0421141aacb6f4eef35","14259676","1645583285","2022-02-23 02:28:05","0x84c55a056efa8334c4704e1c6e698243e57d9841","0xea2dc6f116a4c3d6a15f06b4e8ad582a07c3dd9c","","0.03","0","84.2187","0.009634849084770944","27.0478154871866","2580.97","","","0xe366c9ca",""
"0x62002ae0c26725516259f196f308f0eb4eb46f86b83dd72bedc8ad46467a7305","14259712","1645583822","2022-02-23 02:37:02","0xc397a2c2963e3181883b7135a7ef1ba85e8ceb82","0xea2dc6f116a4c3d6a15f06b4e8ad582a07c3dd9c","","0.06","0","168.4374","0.01167831741626957","32.7844236995194","2580.97","","","0xe366c9ca",""
"0xdef52a368a8415974d4777be81f16e25b9ec73c4090c6658fb4255b56593fa03","14259716","1645583881","2022-02-23 02:38:01","0xe2aed8e1e7153f30240e797d7631b4e290867f6b","0xea2dc6f116a4c3d6a15f06b4e8ad582a07c3dd9c","","0.06","0","168.4374","0.009923538918014085","27.8582515691518","2580.97","","","0xe366c9ca",""
"0xda20aa7946c43776eb9162f0cb94e7d7224af63ab3955b331a8c42ca5c0ac28f","14259736","1645584149","2022-02-23 02:42:29","0x135358d6701b1c98ccfcf2ec45d9643ccea569fc","0xea2dc6f116a4c3d6a15f06b4e8ad582a07c3dd9c","","0.03","0","84.2187","0.009430464461662548","26.4740485785807","2580.97","","","0xe366c9ca",""
"0x3c866a707989756510a977dfbd46757b095fbe36a6bb4eef8e5d80dd6fa00036","14259742","1645584196","2022-02-23 02:43:16","0xc93b3390679481a31aee78b12f1a17b600f2248f","0xea2dc6f116a4c3d6a15f06b4e8ad582a07c3dd9c","","0.03","0","84.2187","0.00808455955270238","22.6957031867059","2580.97","","","0xe366c9ca",""
"0x2c53a3a60cf92227671b0e5638fd36aa1cf81cf6b53735d1554218cbbe13dfec","14259745","1645584222","2022-02-23 02:43:42","0x6adceb70eb159c03edbd98c2fb7edab674abd7b5","0xea2dc6f116a4c3d6a15f06b4e8ad582a07c3dd9c","","0.03","0","84.2187","0.0070947076527888","19.9169018465975","2580.97","","","0xe366c9ca",""
"0x1681e905a0550e8d92283baf26da7c8f424cae382860b4e83c6c76b7e7a91240","14259758","1645584476","2022-02-23 02:47:56","0xf5adfade17d029496dcba71f6ef7b52ad7066b5a","0xea2dc6f116a4c3d6a15f06b4e8ad582a07c3dd9c","","0.03","0","84.2187","0.010561388672096484","29.6488808052897","2580.97","","","0xe366c9ca",""
"0x100ffcc8b1b6be3649a5335fe3a2b2de05e7334cbc00e0031a45d81eb5592539","14259769","1645584622","2022-02-23 02:50:22","0x5984bb82f11171cb1dc2287e2a6935c44d491538","0xea2dc6f116a4c3d6a15f06b4e8ad582a07c3dd9c","","0.42","0","1179.0618","0.011768458169567465","33.0374749348451","2580.97","","","0xe366c9ca",""
"0xb186b453318196c5322806a73d63485db74ff642165e5429c7be3ea08addbab3","14259805","1645585225","2022-02-23 03:00:25","0x7f0b1da43d33e3e31b3fd53d78cc568a0bf85e4a","0xea2dc6f116a4c3d6a15f06b4e8ad582a07c3dd9c","","0.03","0","84.2187","0.00998582766076688","28.0331141337943","2580.97","","","0xe366c9ca",""
"0x46189568a29cf422a1f01475eb7acbf4f2d0c39ba146d90407ca5a768cd6f020","14259831","1645585539","2022-02-23 03:05:39","0x6c37148710e10d07522b4754d336e49dab5b1167","0xea2dc6f116a4c3d6a15f06b4e8ad582a07c3dd9c","","0.03","0","84.2187","0.009275430671734668","26.038823770454","2580.97","","","0xe366c9ca",""
"0xad568b7e0d2448ceabb28795b51ef9d71bacbf5602d74c810f91a415d80659d3","14259833","1645585571","2022-02-23 03:06:11","0xedf6e443f4b96296a090f74c3c221666da442597","0xea2dc6f116a4c3d6a15f06b4e8ad582a07c3dd9c","","0.03","0","84.2187","0.008581785042348312","24.091559331534","2580.97","","","0xe366c9ca",""
"0x92237fe3394903c25e7afe2ec860e7f3481a4ce6e2223c12a823b06273b18501","14259833","1645585571","2022-02-23 03:06:11","0x57c9bc08a3ac8a42fda761005f69e28d051d1367","0xea2dc6f116a4c3d6a15f06b4e8ad582a07c3dd9c","","0.03","0","84.2187","0.0085808865201996","24.0890369192911","2580.97","","","0xe366c9ca",""
"0xa09df4b052820e3c2c433d4c663a091a572b0cf22e1eb52bdeb71d6a1d074385","14259833","1645585571","2022-02-23 03:06:11","0x57c9bc08a3ac8a42fda761005f69e28d051d1367","0xea2dc6f116a4c3d6a15f06b4e8ad582a07c3dd9c","","0.03","0","84.2187","0.004318647206799387","12.1236951171759","2580.97","Error(0)","Reverted","0xe366c9ca",""
"0xd9f3335911d627f07dd01f5667b9ccba7c3cb09d6a0af813d1bc80acf5de66ec","14259833","1645585571","2022-02-23 03:06:11","0x57c9bc08a3ac8a42fda761005f69e28d051d1367","0xea2dc6f116a4c3d6a15f06b4e8ad582a07c3dd9c","","0.03","0","84.2187","0.005658230247948705","15.8842931927639","2580.97","Error(0)","Reverted","0xe366c9ca",""
"0xb06eb93aa5e40356f5352aacb6a239399c8d8a1a7361be883b0606f5ba402b4c","14259837","1645585588","2022-02-23 03:06:28","0x01df309c4ec97b563e689598f9c76bdabecd8948","0xea2dc6f116a4c3d6a15f06b4e8ad582a07c3dd9c","","0.03","0","84.2187","0.008177112724660536","22.9555267808123","2580.97","","","0xe366c9ca",""
"0x024829a2ec4156ddc499905f2a782e706f1b87a485930407854a07f8f8af6d0b","14259839","1645585607","2022-02-23 03:06:47","0x480f517a6f86e71bd7529b8c5fe764e29eba017f","0xea2dc6f116a4c3d6a15f06b4e8ad582a07c3dd9c","","0.06","0","168.4374","0.008061615","22.63129117335","2580.97","","","0xe366c9ca",""
"0x56334b13760bfb5451eb9bce1726e5ee2df8f1ce8ff63df971bca7c8320caa0e","14259897","1645586307","2022-02-23 03:18:27","0xef24df42beca9939762f33a9fa9fdaf76933b223","0xea2dc6f116a4c3d6a15f06b4e8ad582a07c3dd9c","","0.03","0","84.2187","0.00908498935764408","25.5041997738206","2580.97","","","0xe366c9ca",""
"0x87bf7fae233b556a724660d1be832b638ad398c64098cae5a3660935759e18df","14259897","1645586307","2022-02-23 03:18:27","0x1f30c1c257457e37178dcd007f2f41b10d4b5dc9","0xea2dc6f116a4c3d6a15f06b4e8ad582a07c3dd9c","","0.03","0","84.2187","0.00908497075857382","25.5041475608367","2580.97","","","0xe366c9ca",""
"0x23332e67d50b643fc331979625812412029773863e3e8b616cdbf23e28cb746a","14259898","1645586367","2022-02-23 03:19:27","0xae051e32df2facb1b1cae583fd10481b6deaac73","0xea2dc6f116a4c3d6a15f06b4e8ad582a07c3dd9c","","0.09","0","252.6561","0.010708347060703572","30.0614356200425","2580.97","","","0xe366c9ca",""
"0xd3a836dfae098a773050e4ef1ef37afe416255239dbddd7355e0795125ba3585","14259938","1645587089","2022-02-23 03:31:29","0xeb23ae106a0a81d5f6be456c4cf7a0d460d29be7","0xea2dc6f116a4c3d6a15f06b4e8ad582a07c3dd9c","","0.03","0","84.2187","0.010066097948209258","28.2584561090284","2580.97","","","0xe366c9ca",""
"0x36d83e62291f4e63d4cc3551f35653ae06872a5e40e69ac4ff820a0b5370d86f","14259938","1645587089","2022-02-23 03:31:29","0xb328a96c16dd5598df8ba4570fdfa97b503115c4","0xea2dc6f116a4c3d6a15f06b4e8ad582a07c3dd9c","","0.09","0","252.6561","0.00943775283047432","26.4945091434623","2580.97","","","0xe366c9ca",""
"0x2aa91e680dfa1f1f3fa35146bbee57d312beccbe6837ab21b50906dc2b67ecd0","14260060","1645588484","2022-02-23 03:54:44","0x82dfd9bceda5fe02546694a8807a0d48af1baf05","0xea2dc6f116a4c3d6a15f06b4e8ad582a07c3dd9c","","0.03","0","84.2187","0.0062541294245956","17.557154992373","2580.97","","","0xe366c9ca",""
"0x5ac7acdbe92bca853bc15a79a7e099d56fc8352e11af54c8d73669a8917ee491","14260090","1645588891","2022-02-23 04:01:31","0xcce13d684fc8fd017036a6c9bbd7814a68e47976","0xea2dc6f116a4c3d6a15f06b4e8ad582a07c3dd9c","","0.09","0","252.6561","0.007242240714426376","20.331069935202","2580.97","","","0xe366c9ca",""
"0x4cd518fe520b7ff03130c61c9da76b3c00d74bf78b23cfa387152cc52aa95f4a","14260091","1645588897","2022-02-23 04:01:37","0x77e143163904960528c60c619c58f73718b0a098","0xea2dc6f116a4c3d6a15f06b4e8ad582a07c3dd9c","","0.03","0","84.2187","0.00665827755913162","18.6917160089746","2580.97","","","0xe366c9ca",""
"0x995beb4e5d3cda80631e22fab49b6a325b6671a3e86347298dd1c8277a8f7d98","14260094","1645588999","2022-02-23 04:03:19","0xd893cf5a7b6964c7dbfa82db383cf1db5aba65d7","0xea2dc6f116a4c3d6a15f06b4e8ad582a07c3dd9c","","0.06","0","168.4374","0.008884890741817598","24.9424649305971","2580.97","","","0xe366c9ca",""
"0xaa9cb0fce7ea0012dd6bcb78825672b8a593b025f5f7533ecb00fc2700d6395d","14260113","1645589403","2022-02-23 04:10:03","0x7e5758853d0c15d94de3fdbef98a8a4778c05deb","0xea2dc6f116a4c3d6a15f06b4e8ad582a07c3dd9c","","0.03","0","84.2187","0.012092301463031028","33.9465969741524","2580.97","","","0xe366c9ca",""
"0x4929bc8230cc95aa9e9899c6355b37f32bc36424de3b140294de73be960f7900","14260113","1645589403","2022-02-23 04:10:03","0x173212197af6bc64a4252d3528e8dafd0dc832d7","0xea2dc6f116a4c3d6a15f06b4e8ad582a07c3dd9c","","0.03","0","84.2187","0.0093870793595376","26.3522540152363","2580.97","","","0xe366c9ca",""
"0x87afde450d2009ccf30b6eec2c2930e04be55d7bf42ec2a0790e95fddc87f39a","14260113","1645589403","2022-02-23 04:10:03","0x173212197af6bc64a4252d3528e8dafd0dc832d7","0xea2dc6f116a4c3d6a15f06b4e8ad582a07c3dd9c","","0.03","0","84.2187","0.003579622644774456","10.0490388544489","2580.97","Error(0)","Reverted","0xe366c9ca",""
"0xab5db0f1d3db3b8a94b5407a59aa7749effbb1da2e2cc878d596be2cb300274c","14260113","1645589403","2022-02-23 04:10:03","0x173212197af6bc64a4252d3528e8dafd0dc832d7","0xea2dc6f116a4c3d6a15f06b4e8ad582a07c3dd9c","","0.03","0","84.2187","0.005063419723640355","14.2144875559783","2580.97","Error(0)","Reverted","0xe366c9ca",""
"0xf829e85f036d16cea779339686cbbdcfe2870496ba357b5a39b1ae2c7fcef2d8","14260126","1645589533","2022-02-23 04:12:13","0x8a076108597f20be5821c68803127697071295de","0xea2dc6f116a4c3d6a15f06b4e8ad582a07c3dd9c","","0.27","0","757.9683","0.010335788131510226","29.0155546637073","2580.97","","","0xe366c9ca",""
"0xb4fd22c526982e04a069c25342fd08f1ad797c70a0bca7ba4dc423010a225e90","14260133","1645589631","2022-02-23 04:13:51","0x3f049e5850229d18f01460dfda38c3ea6422b5a4","0xea2dc6f116a4c3d6a15f06b4e8ad582a07c3dd9c","","0.06","0","168.4374","0.00786464808060228","22.078347910194","2580.97","","","0xe366c9ca",""
"0x5127f7f859876e977f9a8150b35150ab904d6e3cd0dc3ad6530da0d4e682389e","14260145","1645589722","2022-02-23 04:15:22","0xb7c177481741bb061a2fd73bb590d91cff3d009f","0xea2dc6f116a4c3d6a15f06b4e8ad582a07c3dd9c","","0.03","0","84.2187","0.006349631260452354","17.8252563411553","2580.97","","","0xe366c9ca",""
"0x4918f7cc1e1951959549c398991479f8eb356756c80eec1278a49577d711c745","14260153","1645589833","2022-02-23 04:17:13","0x4032ab8d5cced1444240c7b973f36d712981fb00","0xea2dc6f116a4c3d6a15f06b4e8ad582a07c3dd9c","","0.06","0","168.4374","0.006090402852668575","17.097527024268","2580.97","","","0xe366c9ca",""
"0x55cc982e5eb352f45b5adbce76154f895d5b045032746f19942cb95f01f90dcb","14260178","1645590229","2022-02-23 04:23:49","0xdae083fc07377b916cc6e5b895bd1166b476c502","0xea2dc6f116a4c3d6a15f06b4e8ad582a07c3dd9c","","0.06","0","168.4374","0.00738775212749235","20.739562669988","2580.97","","","0xe366c9ca",""
"0x56dd33a53e1479288d91d70efd0be9f10225e623d71405ed85fb75dbb01ffe8f","14260180","1645590240","2022-02-23 04:24:00","0xefe86f91bba97200bd116cf3b3cf645a55d6a0cc","0xea2dc6f116a4c3d6a15f06b4e8ad582a07c3dd9c","","0.03","0","84.2187","0.00724465730946252","20.337854018281","2580.97","","","0xe366c9ca",""
"0x97b54e923b3086c6456d280e922f40b1dce6817a9df8cf6894a99bbefde3bdf9","14260181","1645590242","2022-02-23 04:24:02","0x1e4765464fda40b58c6653ccf2b588638dec7c27","0xea2dc6f116a4c3d6a15f06b4e8ad582a07c3dd9c","","0.09","0","252.6561","0.007398208702742198","20.7689173091211","2580.97","","","0xe366c9ca",""
"0xf14cb2a3700dc5f8d82782b482b413e580611ed02bb32804805d9070c9544700","14260185","1645590325","2022-02-23 04:25:25","0xef9c296a20e9c547de99a33d9a8cc555f37455ea","0xea2dc6f116a4c3d6a15f06b4e8ad582a07c3dd9c","","0.03","0","84.2187","0.007192711505346016","20.1920270818428","2580.97","","","0xe366c9ca",""
"0xb074c2b6d8f648d8c28344479aa84245f96dffa5054b993fb5a9da9032bab840","14260192","1645590436","2022-02-23 04:27:16","0x26a525df76bf6c58a116420c8fbf743bf473a00f","0xea2dc6f116a4c3d6a15f06b4e8ad582a07c3dd9c","","0.03","0","84.2187","0.009416800011759952","26.4356885050136","2580.97","","","0xe366c9ca",""
"0x8b6a4db5e7aee1b539f3ed07f6ec8e58d152b4f2cde10714ab2729f763d52889","14260208","1645590793","2022-02-23 04:33:13","0x42814cfb08b3a1f9fedd618d35e4e2a156b4488b","0xea2dc6f116a4c3d6a15f06b4e8ad582a07c3dd9c","","0.03","0","84.2187","0.013077068926375674","36.7111248263252","2580.97","","","0xe366c9ca",""
"0xcade3ccf3e69afa7cc4e8b726a2dce7bdf246d4c0a2d7de53fa24edfae57091a","14260222","1645590974","2022-02-23 04:36:14","0xd4d9fb5148d935d42ae6b397b4c89ded6e26d14b","0xea2dc6f116a4c3d6a15f06b4e8ad582a07c3dd9c","","0.03","0","84.2187","0.010077168548281476","28.2895344939051","2580.97","","","0xe366c9ca",""
"0x35c774043e84f772e01392bf01230665e516b004dae8e458cab1bbf4477671ac","14260225","1645590999","2022-02-23 04:36:39","0x6e546851337fd90a45272ec9270f94152e5bbd0f","0xea2dc6f116a4c3d6a15f06b4e8ad582a07c3dd9c","","0.09","0","252.6561","0.008550610321294286","24.0040428488662","2580.97","","","0xe366c9ca",""
"0xa730438334ff2716b53cc9c350ca266860135cbb3dbc5dd159db00e657ddee57","14260245","1645591227","2022-02-23 04:40:27","0x0ce7ca54f3a434662c10bce211c5438722d022fa","0xea2dc6f116a4c3d6a15f06b4e8ad582a07c3dd9c","","0.09","0","252.6561","0.0073460311481608","20.6224397819203","2580.97","","","0xe366c9ca",""
"0xddf0e6a751184721edeac92c85c3855a484ecc67c335e194966fdebd9e5d667e","14260258","1645591450","2022-02-23 04:44:10","0x23da856b31f486a6c39da1e12c3cb49dc33231b7","0xea2dc6f116a4c3d6a15f06b4e8ad582a07c3dd9c","","0.06","0","168.4374","0.008959710021079322","25.1525043450758","2580.97","","","0xe366c9ca",""
"0x6ce4549d771e41d2d9a4089a99efca98f375af382ebce4cc4625730aa22cdc0e","14260262","1645591512","2022-02-23 04:45:12","0xb43c79c682d797dc352d3082f5a33bc7a358147c","0xea2dc6f116a4c3d6a15f06b4e8ad582a07c3dd9c","","0.27","0","757.9683","0.009725459486238602","27.3021851611228","2580.97","","","0xe366c9ca",""
"0x4034b7d84f64b16f840bf4637b7d21e93f43361fd9d519243db6b5c8ea1aebfc","14260272","1645591660","2022-02-23 04:47:40","0xc5f2e1fc9f49b4199a59a8892f05c986d224bc40","0xea2dc6f116a4c3d6a15f06b4e8ad582a07c3dd9c","","0.06","0","168.4374","0.00848800382088137","23.8282882463221","2580.97","","","0xe366c9ca",""
"0xbbef1a4774c3bb1e5e31625076baf5bacf2dfa93e189954f5e2d8ff43307bec4","14260276","1645591715","2022-02-23 04:48:35","0xf06f41df2d3ee12bfa4835b34c8dd4765837021a","0xea2dc6f116a4c3d6a15f06b4e8ad582a07c3dd9c","","0.03","0","84.2187","0.0073445204944595","20.6181989388912","2580.97","","","0xe366c9ca",""
"0x4c6b8c70eaa0c59c86a565ad610cd0547a94f2fb11065fd426df4b4006712086","14260279","1645591741","2022-02-23 04:49:01","0x78e5110039a7a72e817598273f29661fb856fe6d","0xea2dc6f116a4c3d6a15f06b4e8ad582a07c3dd9c","","0.21","0","589.5309","0.007632278786731872","21.4260199152045","2580.97","","","0xe366c9ca",""
"0xb1afc75a338034c0db2d69691691ad74dd9d036d08374a2a100abea30955cf8d","14260312","1645592218","2022-02-23 04:56:58","0x3a5144a1c646b07e4e7543ae248745ef21c1413e","0xea2dc6f116a4c3d6a15f06b4e8ad582a07c3dd9c","","0.06","0","168.4374","0.00708524783721015","19.8903454009217","2580.97","","","0xe366c9ca",""
"0x54c6aeb0a2d364fd72f60ef0610a98188afa2443d8489aedde5f55f740529a3a","14260313","1645592219","2022-02-23 04:56:59","0xdd13a82f77a9b5a96b58b30c7462478f901caacb","0xea2dc6f116a4c3d6a15f06b4e8ad582a07c3dd9c","","0.03","0","84.2187","0.007186998343592872","20.1759885799848","2580.97","","","0xe366c9ca",""
"0x7edf81c6070588a5b311151877cddc8a2634eefefffe820655d4f740f570b112","14260315","1645592231","2022-02-23 04:57:11","0xd4d9fb5148d935d42ae6b397b4c89ded6e26d14b","0xea2dc6f116a4c3d6a15f06b4e8ad582a07c3dd9c","","0.03","0","84.2187","0.004578380126476282","12.8528407452556","2580.97","","","0xe366c9ca",""
"0x334742cfdb0569940956e3257baee24a59fb8bee5f7ab74cf7b4fa8233698423","14260327","1645592374","2022-02-23 04:59:34","0xf8254f25e037b6c1db7d1c8692335e682dfe163a","0xea2dc6f116a4c3d6a15f06b4e8ad582a07c3dd9c","","0","0","0","0.0042993","12.069381897","2580.97","","","Set Sale Price",""
"0x923140e7244b52eb7c338c2fb7821a9a27c0605dee60e507ecb39f71c1fcb942","14260329","1645592395","2022-02-23 04:59:55","0xf8254f25e037b6c1db7d1c8692335e682dfe163a","0xea2dc6f116a4c3d6a15f06b4e8ad582a07c3dd9c","","0","0","0","0.00427455","11.9999014695","2580.97","","","Toggle Early Access Mode",""
"0xfefc60cd01e99030d8c1f07584a5ad53e9bf90db976037f14873d715f4b73d94","14260331","1645592433","2022-02-23 05:00:33","0x7aa3520f02d0166678f094da5c649d80766dfb0c","0xea2dc6f116a4c3d6a15f06b4e8ad582a07c3dd9c","","0.12","0","336.8748","0.005669457362951895","15.9158109604412","2580.97","","","0xe366c9ca",""
"0x6224371c7bcf5718acc511a405be892e366ef56470badea14c61bc44f07a5cce","14260331","1645592433","2022-02-23 05:00:33","0x8d6a5748c8582801935b8493d6cf4b27541e890e","0xea2dc6f116a4c3d6a15f06b4e8ad582a07c3dd9c","","0.06","0","168.4374","0.00551655937581727","15.4865819701381","2580.97","","","0xe366c9ca",""
"0x640e16a162de9fdc4e603ad2e24353d97e858c2ad562aed8bfa5c61976fa42ee","14260332","1645592457","2022-02-23 05:00:57","0x18814e3a37881c86f8c7c0c516bacc5fcc303969","0xea2dc6f116a4c3d6a15f06b4e8ad582a07c3dd9c","","0.06","0","168.4374","0.00551655937581727","15.4865819701381","2580.97","","","0xe366c9ca",""
"0x2fda7b4058fbe1b0644ae56232c650a6c75650791db0f9e12b992a4a7fcf0ecd","14260332","1645592457","2022-02-23 05:00:57","0x2139fa15f42fa178d0fe240ef1a5ab8d026b02bf","0xea2dc6f116a4c3d6a15f06b4e8ad582a07c3dd9c","","0.06","0","168.4374","0.00434147821626577","12.1877883817407","2580.97","","","0xe366c9ca",""
"0x83218213bc86623e89196ba900b20088afb375f403a4ee6cc2bdb8a9b3952f7f","14260332","1645592457","2022-02-23 05:00:57","0x7448c48d67421dc2c410dec92b4e6a240eb2f1f7","0xea2dc6f116a4c3d6a15f06b4e8ad582a07c3dd9c","","0.06","0","168.4374","0.00551655937581727","15.4865819701381","2580.97","","","0xe366c9ca",""
"0xb4ccc889b0b88e682561f6fe31d18a46d0a4adfb30d83859448a3a00d7770fc8","14260332","1645592457","2022-02-23 05:00:57","0x3bada30a8ef0836ce78d9efad2a039236199b748","0xea2dc6f116a4c3d6a15f06b4e8ad582a07c3dd9c","","0.06","0","168.4374","0.00551655937581727","15.4865819701381","2580.97","","","0xe366c9ca",""
"0xf239a4b5b406489db258cb891ec7774466dda124907699adcece4bdf8a6b1935","14260333","1645592471","2022-02-23 05:01:11","0xae051e32df2facb1b1cae583fd10481b6deaac73","0xea2dc6f116a4c3d6a15f06b4e8ad582a07c3dd9c","","0.18","0","505.3122","0.004556244473878284","12.7906995490738","2580.97","","","0xe366c9ca",""
"0xb68fbd0de240a7664ce7474115f8cbe85168ec1c424fa15804741bdfeb09c5fd","14260333","1645592471","2022-02-23 05:01:11","0x7b37ae72e3e6a8330002f16865707aa26154a0af","0xea2dc6f116a4c3d6a15f06b4e8ad582a07c3dd9c","","0.18","0","505.3122","0.004555436007951648","12.7884299507626","2580.97","","","0xe366c9ca",""
"0x1186f5d697a1f03d06d2b0819c8bb1c9bb407c97a6d5724ad3c8bc26ab9191af","14260333","1645592471","2022-02-23 05:01:11","0x2c8d548a16fcb0bb55b104f254bdde5384d35c94","0xea2dc6f116a4c3d6a15f06b4e8ad582a07c3dd9c","","0.06","0","168.4374","0.005408502304873734","15.183234435449","2580.97","","","0xe366c9ca",""
"0x03f1941ed3491940fe8d70fa84f7ddc8a6a9448bdd8f0a53758b51b0d89ec2fe","14260333","1645592471","2022-02-23 05:01:11","0x2c2c4da5b6f59d9ddad71f6d7407575f9e9a4eb8","0xea2dc6f116a4c3d6a15f06b4e8ad582a07c3dd9c","","0.12","0","336.8748","0.005290881740371197","14.8530394009267","2580.97","","","0xe366c9ca",""
"0x2ebffac712fa1ee783b4da2e5a3d12b1558a373cf405c0e36a82b508e7bc96c4","14260333","1645592471","2022-02-23 05:01:11","0x407a693fcd1e0f1bf8ee6325fdb6b0364c35ac4c","0xea2dc6f116a4c3d6a15f06b4e8ad582a07c3dd9c","","0.06","0","168.4374","0.005148193451795922","14.4524719952922","2580.97","","","0xe366c9ca",""
"0x120fe443e14cbb13484351f72aeee9cdd4dee19a63624458eddaab6ee9c12699","14260333","1645592471","2022-02-23 05:01:11","0x6c0210cde72cab9d1c36bb788206c56679e3bd8a","0xea2dc6f116a4c3d6a15f06b4e8ad582a07c3dd9c","","0.06","0","168.4374","0.005148193451795922","14.4524719952922","2580.97","","","0xe366c9ca",""
"0x21b4556ea4ff20181619a2e352599dc80dd2448fc7860e85bbf590b4e3e3c3b0","14260333","1645592471","2022-02-23 05:01:11","0x685f0298080adfbe044df2f3ba31cbd7966072f5","0xea2dc6f116a4c3d6a15f06b4e8ad582a07c3dd9c","","0.06","0","168.4374","0.004051577840723022","11.3739539564833","2580.97","","","0xe366c9ca",""
"0x033db79880f2a220f26fc02962a3cd421365606211d0a550f7ef535b24c9724c","14260333","1645592471","2022-02-23 05:01:11","0xfbf2e2a7bcfe9ee187271a44462df6fd758fcdf8","0xea2dc6f116a4c3d6a15f06b4e8ad582a07c3dd9c","","0.18","0","505.3122","0.005433570028946472","15.2536068065611","2580.97","","","0xe366c9ca",""
"0xe2edb017999f3d91c66c943bd3959478cc2c95b0216f879826bd349e345ce09e","14260333","1645592471","2022-02-23 05:01:11","0x545ef01cad749e47417fef1e841529898ced41fd","0xea2dc6f116a4c3d6a15f06b4e8ad582a07c3dd9c","","0.12","0","336.8748","0.005290881740371197","14.8530394009267","2580.97","","","0xe366c9ca",""
"0x566354c5b082777b0836134750468bd5af4a9f140adb5708379ef8e3a88f116c","14260333","1645592471","2022-02-23 05:01:11","0xe5f211bbcdfbaa3170ce5b8980c2e1aa65bd41d6","0xea2dc6f116a4c3d6a15f06b4e8ad582a07c3dd9c","","0.06","0","168.4374","0.005148193451795922","14.4524719952922","2580.97","","","0xe366c9ca",""
"0x01c4c4fe085e2a44a6dfd75133818cf53b7cb9d3cc6e08196eabb35e217fa1e5","14260335","1645592509","2022-02-23 05:01:49","0x6fec16cdc92466ab3d3cc84aa33b6603b4ea38a5","0xea2dc6f116a4c3d6a15f06b4e8ad582a07c3dd9c","","0.06","0","168.4374","0.005408502304873734","15.183234435449","2580.97","","","0xe366c9ca",""
"0x33d33929dc8c6852c38a91b7191c5e5ef11dfeac3892824d32ed7f992a8d0ffe","14260335","1645592509","2022-02-23 05:01:49","0x2c170762e693cd05f37140db3441306017adda80","0xea2dc6f116a4c3d6a15f06b4e8ad582a07c3dd9c","","0.18","0","505.3122","0.005708308419334584","16.0248771425138","2580.97","","","0xe366c9ca",""
"0xf33ea657c4407097c9233c684cf4af30015561d330b00a34d06e3e5df910e7c2","14260336","1645592530","2022-02-23 05:02:10","0xc82b8c2a9e6a09c97c2888204fda3e5c90b4d327","0xea2dc6f116a4c3d6a15f06b4e8ad582a07c3dd9c","","0.06","0","168.4374","0.005617866990582242","15.7709818239916","2580.97","","","0xe366c9ca",""
"0x58972e1e12a1e0f17530a70b7ffbae80af5c55332f90cdeab132b2e94645df8a","14260337","1645592536","2022-02-23 05:02:16","0xafc0d24db87d13cb651a86dd2afd8ab3a9a13bcf","0xea2dc6f116a4c3d6a15f06b4e8ad582a07c3dd9c","","0.12","0","336.8748","0.005773572838436517","16.2080932936145","2580.97","","","0xe366c9ca",""
"0xe6cbb27dc743eb08e2961b00d838b2dfe5be59b4a5fe5a14cf45c7d56295ec69","14260337","1645592536","2022-02-23 05:02:16","0x2c8d548a16fcb0bb55b104f254bdde5384d35c94","0xea2dc6f116a4c3d6a15f06b4e8ad582a07c3dd9c","","0.06","0","168.4374","0.004124201760338244","11.5778303597799","2580.97","","","0xe366c9ca",""
"0xfc105192532b1e2e84d19d0d432acfed3d3e83a346a8d90c358d5ee9657590b8","14260337","1645592536","2022-02-23 05:02:16","0x65ee8f2576c734c4d3077d7c6913f3227f6d092f","0xea2dc6f116a4c3d6a15f06b4e8ad582a07c3dd9c","","0.06","0","168.4374","0.005174777719576498","14.5271017443899","2580.97","","","0xe366c9ca",""
"0xac689c9f9dface6b807d53cb6312568d2d00e207245ecd6d80957524f123a900","14260338","1645592550","2022-02-23 05:02:30","0x7448c48d67421dc2c410dec92b4e6a240eb2f1f7","0xea2dc6f116a4c3d6a15f06b4e8ad582a07c3dd9c","","0.12","0","336.8748","0.004576912165039617","12.8487197517941","2580.97","","","0xe366c9ca",""
"0x3ffefa558979e718148537e643394769581dd092c2f3f96d7344e1a1646879ac","14260341","1645592584","2022-02-23 05:03:04","0x3f945bbc66903269876d8abe2597e32ce39c850d","0xea2dc6f116a4c3d6a15f06b4e8ad582a07c3dd9c","","0.12","0","336.8748","0.005179191143285124","14.5394915046329","2580.97","","","0xe366c9ca",""
"0xe23ae0b2436974a003e10d43c68a6c9996c2bcd5c2802c69013fd9856672d08c","14260341","1645592584","2022-02-23 05:03:04","0x7e27c48d9baccaee431257082599710402390404","0xea2dc6f116a4c3d6a15f06b4e8ad582a07c3dd9c","","0.06","0","168.4374","0.00497694567581717","13.9717298262648","2580.97","","","0xe366c9ca",""
"0x24160baae7cd34cd5ca584ff2e3de179d75ed2f288392d2d2f51371ae686e1c1","14260341","1645592584","2022-02-23 05:03:04","0xf06f41df2d3ee12bfa4835b34c8dd4765837021a","0xea2dc6f116a4c3d6a15f06b4e8ad582a07c3dd9c","","0.24","0","673.7496","0.004183760009321445","11.745027636568","2580.97","","","0xe366c9ca",""
"0xf80c011b91de42d8508a8950358a784d7a9251b88f9ec86b59f62ac26d067806","14260346","1645592667","2022-02-23 05:04:27","0x6fec16cdc92466ab3d3cc84aa33b6603b4ea38a5","0xea2dc6f116a4c3d6a15f06b4e8ad582a07c3dd9c","","0.06","0","168.4374","0.004140679100102886","11.6240870309278","2580.97","","","0xe366c9ca",""
"0x475f89c7d2f965568b502912644d400bb57bef736a5519ee13091e91056d4f37","14260346","1645592667","2022-02-23 05:04:27","0xd070ada7f4a088444e61bbfc1fe6a31d87ea0e92","0xea2dc6f116a4c3d6a15f06b4e8ad582a07c3dd9c","","0.06","0","168.4374","0.004140679100102886","11.6240870309278","2580.97","","","0xe366c9ca",""
"0xe4565775e30959cb8d2cd46b013ffafff3fac849aeea4831708a60f5531ad743","14260350","1645592682","2022-02-23 05:04:42","0xa168903362bf3a811b4df18dc07067689ef139f8","0xea2dc6f116a4c3d6a15f06b4e8ad582a07c3dd9c","","0.06","0","168.4374","0.005685392605744676","15.960545808181","2580.97","","","0xe366c9ca",""
"0x4da7979b7bec2bd779582395fa01411be59f49c195d177a61a67804ca7aa5812","14260357","1645592754","2022-02-23 05:05:54","0xd070ada7f4a088444e61bbfc1fe6a31d87ea0e92","0xea2dc6f116a4c3d6a15f06b4e8ad582a07c3dd9c","","0.3","0","842.187","0.004155730606821036","11.6663409752226","2580.97","","","0xe366c9ca",""
"0x8af781ffc55bc3662919d818c4e8e9900b73096417dbe5cf081d4a3ea2feb6e0","14260357","1645592754","2022-02-23 05:05:54","0x482979f11f17c853f3a526a28d5d9381cd8aa635","0xea2dc6f116a4c3d6a15f06b4e8ad582a07c3dd9c","","0.18","0","505.3122","0.003758711757831624","10.5517939306431","2580.97","","","0xe366c9ca",""
"0x707aa057d2a54e86123203ab4a88ab1fdb5597a7ac215bbd6a8f78cd30f4d741","14260379","1645593033","2022-02-23 05:10:33","0xb31bd57170e69da9eb50333d9c0b18a2ee6fc1dd","0xea2dc6f116a4c3d6a15f06b4e8ad582a07c3dd9c","","0.18","0","505.3122","0.004893261558377696","13.7368042402181","2580.97","","","0xe366c9ca",""
"0x6c509ff6050abe8db75eb722adf99cb915fcfb44f7a97c523ab2b11350c4fc21","14260384","1645593113","2022-02-23 05:11:53","0x1400c88b43d44c24d79af9b84f8ba0da7af56004","0xea2dc6f116a4c3d6a15f06b4e8ad582a07c3dd9c","","0.06","0","168.4374","0.00534286935600143","14.9989837144093","2580.97","","","0xe366c9ca",""
"0x38e35b38a6868f92cc36bd6cb63345fc4b6fb3619734ac491bacfa6b9ac67d16","14260404","1645593378","2022-02-23 05:16:18","0xc7875567208d9e7cf404eeacf4271eca0e55f379","0xea2dc6f116a4c3d6a15f06b4e8ad582a07c3dd9c","","0.06","0","168.4374","0.004682647570548112","13.145549698324","2580.97","","","0xe366c9ca",""
"0x2219f0631c11d64674f2abcdcd44c1fe42def02576baf8575c510cd255457e6f","14260458","1645593982","2022-02-23 05:26:22","0x77281f934d19da419cc348c047e0d717b4e49dc9","0xea2dc6f116a4c3d6a15f06b4e8ad582a07c3dd9c","","0.06","0","168.4374","0.003955593267275782","11.1044974232906","2580.97","","","0xe366c9ca",""
"0x62015c411748379448e0b12b388bd1f64372056a4288484e0c521b26d1de063f","14260458","1645593982","2022-02-23 05:26:22","0x77281f934d19da419cc348c047e0d717b4e49dc9","0xea2dc6f116a4c3d6a15f06b4e8ad582a07c3dd9c","","0.06","0","168.4374","0.003783115267059684","10.620301658064","2580.97","","","0xe366c9ca",""
"0x9e14d71d17527be14c07c31c6e1bb1b1df8fd21b3a281aa6bf11d30fffc0dd3d","14260459","1645593991","2022-02-23 05:26:31","0x77281f934d19da419cc348c047e0d717b4e49dc9","0xea2dc6f116a4c3d6a15f06b4e8ad582a07c3dd9c","","0.06","0","168.4374","0.003218373856549228","9.03490874375208","2580.97","","","0xe366c9ca",""
"0x0ec6f585178eae1a91b12982e88dc9e47e446b5ed896fe45547b02e4491113d9","14260477","1645594138","2022-02-23 05:28:58","0x30a607d58d15a95628638339968031923ba9438d","0xea2dc6f116a4c3d6a15f06b4e8ad582a07c3dd9c","","0.12","0","336.8748","0.003036891175135506","8.52543422704615","2580.97","","","0xe366c9ca",""
"0x217775f77be8d37059dce5829fb3f150b8d1704dfc55bba8864f3826fd4a47bc","14260490","1645594311","2022-02-23 05:31:51","0xc561c00233c3758f334d1191c001af12c643c9c2","0xea2dc6f116a4c3d6a15f06b4e8ad582a07c3dd9c","","0.06","0","168.4374","0.004721054427154098","13.2533688828054","2580.97","","","0xe366c9ca",""
"0xc0404e5aee54fbc56ea2de4fb179f5aef8360ca399db0cbfa3c420b8d5a71b7b","14260494","1645594362","2022-02-23 05:32:42","0xdd13a82f77a9b5a96b58b30c7462478f901caacb","0xea2dc6f116a4c3d6a15f06b4e8ad582a07c3dd9c","","0.06","0","168.4374","0.003456760213839296","9.70412838070892","2580.97","","","0xe366c9ca",""
"0xc8fdb23d074a2f4caa55f33578803c6f3020433171bd36fa20dbf5735d3c9cf2","14260496","1645594387","2022-02-23 05:33:07","0xa4f0312e5fdf6fa9169c97ff8deaa7427b1de446","0xea2dc6f116a4c3d6a15f06b4e8ad582a07c3dd9c","","0.06","0","168.4374","0.00487093550016282","13.6741285202521","2580.97","","","0xe366c9ca",""
"0xa6df2a9f438e5d0c2177619dd3b2e7dc5878b56e728b700064c9f6e3d012fdc1","14260543","1645594908","2022-02-23 05:41:48","0xd44ae344eb850a2547242d40b83db9d7202dab5a","0xea2dc6f116a4c3d6a15f06b4e8ad582a07c3dd9c","","0.06","0","168.4374","0.007667802633530534","21.5257456550839","2580.97","","","0xe366c9ca",""
"0x6f77d26dec2359435cbe7a993e9838c563c9b51f8aae130c20a160c64441cf07","14260593","1645595645","2022-02-23 05:54:05","0x4f783a3f1192db0ae0d06c3554b767dfc75f144e","0xea2dc6f116a4c3d6a15f06b4e8ad582a07c3dd9c","","0.3","0","842.187","0.01058887281487224","29.7260367644627","2580.97","","","0xe366c9ca",""
"0x6c6a62b079d471eb374ec34ad4dc1b03c6ac32b8fb87ed814f4a117009c9b349","14260612","1645595963","2022-02-23 05:59:23","0xbafe7ba26f5df52882c48fbbee0a7a9d1a298c51","0xea2dc6f116a4c3d6a15f06b4e8ad582a07c3dd9c","","0.3","0","842.187","0.008897927300168472","24.9790623304899","2580.97","","","0xe366c9ca",""
"0x10f899582936e9102636243e2166533e3dd6a82e64b0930e4caaa2eb5b258744","14260646","1645596584","2022-02-23 06:09:44","0x4443264d8f58a5c091d62d8944c285299ae67dce","0xea2dc6f116a4c3d6a15f06b4e8ad582a07c3dd9c","","0.12","0","336.8748","0.008291833197748182","23.2775804177065","2580.97","","","0xe366c9ca",""
"0xb4a080e39055941d56c28dc6302f25bacc2497c5689bb74fdc05b3bab7474173","14260656","1645596755","2022-02-23 06:12:35","0xb43c79c682d797dc352d3082f5a33bc7a358147c","0xea2dc6f116a4c3d6a15f06b4e8ad582a07c3dd9c","","0","0","0","0.00379557838158144","10.6552892348298","2580.97","","","Set Approval For All",""
"0xf492722954cff7de3d6028782e528e12d453ac68a7d21f0947c597296e9c42d0","14260656","1645596755","2022-02-23 06:12:35","0xb68aacc251408deb774b55e9730f91ed598a6cf3","0xea2dc6f116a4c3d6a15f06b4e8ad582a07c3dd9c","","0.06","0","168.4374","0.004840745742362796","13.5893771150777","2580.97","","","0xe366c9ca",""
"0x97c48e626232defb024c44772c3bd3ac0d5aaa72a63d26ced93943145b342ab1","14260694","1645597227","2022-02-23 06:20:27","0xb6aa0fa834a2966a0617d6daa8d19103d29bec26","0xea2dc6f116a4c3d6a15f06b4e8ad582a07c3dd9c","","0.12","0","336.8748","0.004537665","12.73854157785","2580.97","","","0xe366c9ca",""
"0xfe591ba3626a314758092643e04884021dbf822cd0c3c5df8244a2b6e7fb1484","14260707","1645597400","2022-02-23 06:23:20","0xf91411e9a16a3a2b5ccd8f559bf3bdb8807461a5","0xea2dc6f116a4c3d6a15f06b4e8ad582a07c3dd9c","","0.18","0","505.3122","0.004307576648840024","12.0926168505221","2580.97","","","0xe366c9ca",""
"0xd6e488bd6dc7b42306780243a4438dd389bc671a64b0b6ccba3395359cdea115","14260737","1645597735","2022-02-23 06:28:55","0x3048106ee238c9bdce0cd0802c02656c30485253","0xea2dc6f116a4c3d6a15f06b4e8ad582a07c3dd9c","","0.12","0","336.8748","0.003707159497575561","10.4070717859489","2580.97","","","0xe366c9ca",""
"0x1bd2b12cf4c3f7cb8d472de634fcdcd135d9267003358df072bfc521c959798d","14260784","1645598380","2022-02-23 06:39:40","0xa4f0312e5fdf6fa9169c97ff8deaa7427b1de446","0xea2dc6f116a4c3d6a15f06b4e8ad582a07c3dd9c","","0.06","0","168.4374","0.002569408363048438","7.21307440350225","2580.97","","","0xe366c9ca",""
"0x349046fd9e84f9610c530d2702f5ed384b5a890a655bb3d632b0664802b3dd2b","14260784","1645598380","2022-02-23 06:39:40","0xa4f0312e5fdf6fa9169c97ff8deaa7427b1de446","0xea2dc6f116a4c3d6a15f06b4e8ad582a07c3dd9c","","0.06","0","168.4374","0.00305336630442946","8.57168469276178","2580.97","","","0xe366c9ca",""
"0x2bd6bd1982b027064527731812f8fad9862251f08be877b83be73327154877f8","14260802","1645598618","2022-02-23 06:43:38","0x13af7d6f2c06c68209f23e9897b6944051c2ee65","0xea2dc6f116a4c3d6a15f06b4e8ad582a07c3dd9c","","0.06","0","168.4374","0.00403250948883068","11.3204235628995","2580.97","","","0xe366c9ca",""
"0x5553d07d56578a52c21c7fc7229455a75b3ccd53b24548d6f5c2069ad529a07b","14260824","1645598884","2022-02-23 06:48:04","0xb84914f420b6de809ac1ed3d4427d90ed596b41c","0xea2dc6f116a4c3d6a15f06b4e8ad582a07c3dd9c","","0.06","0","168.4374","0.003410856600365536","9.57526362564017","2580.97","","","0xe366c9ca",""
"0x4571815b3c64eaa30ec05761de87468c8c56fe0f5d981ecf810f2b5b77501c54","14260924","1645600207","2022-02-23 07:10:07","0xafe273ff08f2f4e7a7685b1531772cd1a829eefe","0xea2dc6f116a4c3d6a15f06b4e8ad582a07c3dd9c","","0.12","0","336.8748","0.003831705410903181","10.7567082829744","2580.97","","","0xe366c9ca",""
"0xa3c687255fd2ad4dd3a5de972d9e979a382af130df6c070e5a6286669f758ddc","14260969","1645600803","2022-02-23 07:20:03","0x86cde23ca99d2907e4c7a0d7b836a9f46bf65904","0xea2dc6f116a4c3d6a15f06b4e8ad582a07c3dd9c","","0.06","0","168.4374","0.00354106248607474","9.94078930653276","2580.97","","","0xe366c9ca",""
"0x0e3b077ae2568ce81dcecdb7b0dcd22c38107a603db96980a32ee329ece1df64","14261007","1645601342","2022-02-23 07:29:02","0x8c06320dc4f6dce71d9194827a5840f3282f11a1","0xea2dc6f116a4c3d6a15f06b4e8ad582a07c3dd9c","","0.12","0","336.8748","0.003897160787302137","10.9404605065854","2580.97","","","0xe366c9ca",""
"0x8142d4b52dc7d2bfe1376cf590454aac08285b532c039cf2417d9fdb8a6a5aba","14261011","1645601357","2022-02-23 07:29:17","0x076b426ed5c028f37c513686255cb378b8ea7c8a","0xea2dc6f116a4c3d6a15f06b4e8ad582a07c3dd9c","","0.18","0","505.3122","0.003389309376993176","9.51477432093917","2580.97","","","0xe366c9ca",""
"0x9d09ec7f3230aeda545dabbb071549ee13cea5b9442ed5e19ccf7c948e1ebaae","14261024","1645601492","2022-02-23 07:31:32","0x8d803379dcb45b1ccd056da85b0cc11796690d58","0xea2dc6f116a4c3d6a15f06b4e8ad582a07c3dd9c","","0.06","0","168.4374","0.00292291332121492","8.20546533751343","2580.97","","","0xe366c9ca",""
"0x6467e998fd82dfa487ffc22982ab7811126949ab1bd75d4028118482d608a186","14261058","1645601979","2022-02-23 07:39:39","0x83988ffc6f4352bd22cb68b815d2ed52fc897ccc","0xea2dc6f116a4c3d6a15f06b4e8ad582a07c3dd9c","","0.12","0","336.8748","0.003767267279063925","10.5758117598434","2580.97","","","0xe366c9ca",""
"0x77e7f84568fdb1e8060288b6a1a82fe498f74fb5d0a847df56e1be3f72591665","14261070","1645602126","2022-02-23 07:42:06","0x3706f3ab0c07686d44c18134271fedd101c4338d","0xea2dc6f116a4c3d6a15f06b4e8ad582a07c3dd9c","","0.06","0","168.4374","0.004101769826799546","11.5148574170761","2580.97","","","0xe366c9ca",""
"0x5dc595af3502aaa1fbb15d11b688ade35862dffd37c22c7f856101e2ab3aa3a0","14261077","1645602193","2022-02-23 07:43:13","0x7635726c6edff630bb4f5f8cb118157aebcee847","0xea2dc6f116a4c3d6a15f06b4e8ad582a07c3dd9c","","0.12","0","336.8748","0.003250566254463255","9.12528214049215","2580.97","","","0xe366c9ca",""
"0xafe6f3cfd54f599b6beca87abc87abc0aa35b7323a062462a7f44db50b1d6f9b","14261228","1645604514","2022-02-23 08:21:54","0x39a79a055d0910c05871f73f2310fd6c6f4ee6c7","0xea2dc6f116a4c3d6a15f06b4e8ad582a07c3dd9c","","0.06","0","168.4374","0.00481569039784118","13.5190394969556","2580.97","","","0xe366c9ca",""
"0xeecc931010f231c4961c38111c55b161a88e127b5fb839af00f41e3445ef5e2e","14261334","1645605918","2022-02-23 08:45:18","0x2c7864e3e11903571b511a341179786b6af6dff2","0xea2dc6f116a4c3d6a15f06b4e8ad582a07c3dd9c","","0.06","0","168.4374","0.004088680203958174","11.4781110497697","2580.97","","","0xe366c9ca",""
"0xc5a3b0212a796acccff1ada53967a4185e9f64334d2e68bff028d2fe7643f550","14261355","1645606229","2022-02-23 08:50:29","0x307c3e618203fb16f8ec05af6f29e200f27160d7","0xea2dc6f116a4c3d6a15f06b4e8ad582a07c3dd9c","","0.06","0","168.4374","0.003716639474410852","10.4336848301188","2580.97","","","0xe366c9ca",""
"0x2dd8377cb2b955d00998d7fac1e98b47a21a9d21a0661985da324b835de29e6b","14261525","1645608287","2022-02-23 09:24:47","0xd8f583dbc5009251268afb9e42632a4a8adb547e","0xea2dc6f116a4c3d6a15f06b4e8ad582a07c3dd9c","","0.06","0","168.4374","0.003596065725215336","10.0951993497398","2580.97","","","0xe366c9ca",""
"0xdc8a3cc9980d57ca84369df75c190a2af9471ca4da6202852adffdc35cfab063","14261808","1645612135","2022-02-23 10:28:55","0x86dcfff4d5777abc661ed8330e918818a82c2b5c","0xea2dc6f116a4c3d6a15f06b4e8ad582a07c3dd9c","","0.06","0","168.4374","0.003061092778243104","8.59337514543408","2580.97","","","0xe366c9ca",""
"0xea22688d41edec8e69ab2bcc86765b35a26428b106235a86c1a327f8da15e3a0","14261834","1645612622","2022-02-23 10:37:02","0x4307f3d3b1e5cd290eac6d30e2bb30690cb106d1","0xea2dc6f116a4c3d6a15f06b4e8ad582a07c3dd9c","","0.06","0","168.4374","0.004138621003578886","11.618309357137","2580.97","","","0xe366c9ca",""
"0x059d3e8b82d8a0d05593a030272d09f6f6379a06d7669fbfdd0b7f111421b794","14262113","1645616387","2022-02-23 11:39:47","0x212d1cfc893fc4ce54af377f4098fa5c20cd1606","0xea2dc6f116a4c3d6a15f06b4e8ad582a07c3dd9c","","0.06","0","168.4374","0.00293301742056939","8.23383047459024","2580.97","","","0xe366c9ca",""
"0xa5594df1d73a37a2b5a64ba96994c67c09d0d15426692e3a3eb2ce5ae7c33d15","14262183","1645617357","2022-02-23 11:55:57","0x294d3379df9e368422a0fa072a7a729b1740bc5e","0xea2dc6f116a4c3d6a15f06b4e8ad582a07c3dd9c","","0.06","0","168.4374","0.003419949679961694","9.60079053705966","2580.97","","","0xe366c9ca",""
"0x1f5b981685be10bbc484ca44f42adfbc915d92a8e9b9a01a9beaa20786f30d07","14262199","1645617541","2022-02-23 11:59:01","0xa58ac80b7509b8e5f306233250e461c0a7a33c73","0xea2dc6f116a4c3d6a15f06b4e8ad582a07c3dd9c","","0.06","0","168.4374","0.00237669925757869","6.67208405880808","2580.97","","","0xe366c9ca",""
"0x077394551b048e54f4fa60d2f50cf5210ba78c6114199fb4f4a13808482782aa","14262276","1645618810","2022-02-23 12:20:10","0xdc96f2b87728ba83da92ea9fbe24421a0a1adc08","0xea2dc6f116a4c3d6a15f06b4e8ad582a07c3dd9c","","0.06","0","168.4374","0.004412351657900648","12.3867506857079","2580.97","","","0xe366c9ca",""
"0xe9bc477bcd2e42f6488dfc4caa9464bfd2b622f5ea95e590c162accdec3ce59b","14262400","1645620492","2022-02-23 12:48:12","0x135358d6701b1c98ccfcf2ec45d9643ccea569fc","0xea2dc6f116a4c3d6a15f06b4e8ad582a07c3dd9c","","0.12","0","336.8748","0.002640101017548618","7.41152918555406","2580.97","","","0xe366c9ca",""
"0xc4df2bdb8a66781df2755829f1e02bb2cd8ef12ffdfaadd1f2d216b65d756d9d","14262475","1645621367","2022-02-23 13:02:47","0xc6abb95a9a283a51c4a4ae3cdf6ac6cace739641","0xea2dc6f116a4c3d6a15f06b4e8ad582a07c3dd9c","","0.06","0","168.4374","0.002705086419859714","7.59396205560798","2580.97","","","0xe366c9ca",""
"0x19aa6f35daf3f1775e9b32f47e765a361d66f3bdd398e083b5672385937124a1","14262575","1645622685","2022-02-23 13:24:45","0x24c8a15a579550d0a334e19809dcff468825cdef","0xea2dc6f116a4c3d6a15f06b4e8ad582a07c3dd9c","","0.06","0","168.4374","0.002952275418204134","8.28789325877028","2580.97","","","0xe366c9ca",""
"0x96fb0a77dc8a1664d374fb0bbac36bdc724fec9711c836659591bacffe9859b9","14262627","1645623325","2022-02-23 13:35:25","0x24c8a15a579550d0a334e19809dcff468825cdef","0xea2dc6f116a4c3d6a15f06b4e8ad582a07c3dd9c","","0.12","0","336.8748","0.002235816301152798","6.27658474406324","2580.97","","","0xe366c9ca",""
"0x7efddfab79fa3c9fc9ba0f418d95431a6e858d02bd56754c3e90613f7a117b1f","14262752","1645624851","2022-02-23 14:00:51","0x59dfbe3dd95379c290af5b53f80e7361d26492b7","0xea2dc6f116a4c3d6a15f06b4e8ad582a07c3dd9c","","0.18","0","505.3122","0.00492398743493468","13.8230606862178","2580.97","","","0xe366c9ca",""
"0xbcd2dd7a19da8366c87518e617d97108261335748d84d92ed508fc838c084477","14262791","1645625420","2022-02-23 14:10:20","0xc0dcec3b991e64e89f0b15177b4c55ad2fb20a70","0xea2dc6f116a4c3d6a15f06b4e8ad582a07c3dd9c","","0.06","0","168.4374","0.005346408525334426","15.0089191890861","2580.97","","","0xe366c9ca",""
"0x2255864224d50002e815cca3908627cc39fa8c38ea4ae4a2fb7ce1cf210248b7","14263039","1645628624","2022-02-23 15:03:44","0xa1a8985cc7f5f484ad1b99aa890396d508c6716a","0xea2dc6f116a4c3d6a15f06b4e8ad582a07c3dd9c","","0.18","0","505.3122","0.00526399514759804","14.7775609379005","2580.97","","","0xe366c9ca",""
"0x7e58f5a148c6c37c92db389a0a003745c5e3622977f7fb86ca18f7b596fb749c","14263110","1645629452","2022-02-23 15:17:32","0x9bbd4ee42ab3472404e8248089d51d09709fdb4b","0xea2dc6f116a4c3d6a15f06b4e8ad582a07c3dd9c","","0.06","0","168.4374","0.006069837885952896","17.0397951988567","2580.97","","","0xe366c9ca",""
"0x861955586c777881a5de40d12a63207f45b0a98afa563e4fbd3bff9890f10c94","14263139","1645629776","2022-02-23 15:22:56","0x2d496a10b7167688b9a70de470d612996c75086a","0xea2dc6f116a4c3d6a15f06b4e8ad582a07c3dd9c","","0.06","0","168.4374","0.004673114189893204","13.1187867341453","2580.97","","","0xe366c9ca",""
"0x86191d26bbe5a1b861298c683685c3f476322400a9048e93d383061164e12557","14263213","1645630863","2022-02-23 15:41:03","0x1316d71fe3d4833c5bf101c7220aabf8f7db6b64","0xea2dc6f116a4c3d6a15f06b4e8ad582a07c3dd9c","","0.12","0","336.8748","0.004783087988125281","13.4275150781842","2580.97","","","0xe366c9ca",""
"0x208908fc58a9e88542e44e1971128b0d420d8a6b0ccd2808ab18d8e69246091a","14263322","1645632355","2022-02-23 16:05:55","0x8eb784859644a01312dfd0b00607dae912964030","0xea2dc6f116a4c3d6a15f06b4e8ad582a07c3dd9c","","0.06","0","168.4374","0.009721236041199804","27.2903287260998","2580.97","","","0xe366c9ca",""
"0xe204b0043d72ca99e958a800bd80b71e6da1db68d53f295014752b6de1d8c65c","14263435","1645633855","2022-02-23 16:30:55","0x0c07f0e3185941335175afebf9cbe3af965ff7e4","0xea2dc6f116a4c3d6a15f06b4e8ad582a07c3dd9c","","0.18","0","505.3122","0.005987638171663008","16.8090367629278","2580.97","","","0xe366c9ca",""
"0xae5db36b047c5667140bf3cb7c60a33675bb55bf5300496eec27ba8b3719bc70","14263489","1645634604","2022-02-23 16:43:24","0x5b6db8251bfaf332a43147c5d4bedf8f6d90fb07","0xea2dc6f116a4c3d6a15f06b4e8ad582a07c3dd9c","","0.06","0","168.4374","0.008155069613248008","22.893645374575","2580.97","","","0xe366c9ca",""
"0x7cb04b930c11eac267521717fc06a43c0103e1ddbc35b3fec8fedc46a706f4ff","14263654","1645637261","2022-02-23 17:27:41","0xba787d9ddb379d6c5d9d92a427ca51e2d49fe3d0","0xea2dc6f116a4c3d6a15f06b4e8ad582a07c3dd9c","","0.06","0","168.4374","0.010429286055100528","29.2780304496232","2580.97","","","0xe366c9ca",""
"0x5b1d0f8f55f493d6a01b9f1553cec3d6978bbc0006c4cfa95c36e3f58e6100be","14263709","1645637939","2022-02-23 17:38:59","0x6a9b3e3d95ca45e39cdda9345de9c1e667a645f1","0xea2dc6f116a4c3d6a15f06b4e8ad582a07c3dd9c","","0.06","0","168.4374","0.00857137893748345","24.0623463774079","2580.97","","","0xe366c9ca",""
"0xc183df786dfe7c0a8c496019968c0ef2ee788b14518ba2fb7a53cdec67012de1","14263730","1645638214","2022-02-23 17:43:34","0x007ceb817b137bd7cde25dd510e16b72c23b3bfa","0xea2dc6f116a4c3d6a15f06b4e8ad582a07c3dd9c","","0.12","0","336.8748","0.009056510251114299","25.4242506628507","2580.97","","","0xe366c9ca",""
"0x07f79d1b58732dba6ecb076df1e76af2a073e223d50bb888710bf852a49f57f0","14263743","1645638489","2022-02-23 17:48:09","0x7994e1d12b3bce6bf0de7e482ff4c9bafddfc48b","0xea2dc6f116a4c3d6a15f06b4e8ad582a07c3dd9c","","0.18","0","505.3122","0.014536630471120912","40.808537355273","2580.97","","","0xe366c9ca",""
"0x9cab125380d2a39a3d19c32cff862a60d25e8e3c8291b2f9dc11de9bbcc9e7ae","14263793","1645639063","2022-02-23 17:57:43","0xee7ad10fbf6bae8f53a7af42c78659a49ae3abdf","0xea2dc6f116a4c3d6a15f06b4e8ad582a07c3dd9c","","0.12","0","336.8748","0.009202585296337056","25.8343256765541","2580.97","","","0xe366c9ca",""
"0xc68608f18abdbf595dadabc2f40142d58610d2df020dff2e896d5a4df744f404","14263825","1645639492","2022-02-23 18:04:52","0xb1b35c06dd13fb2ec826fc67f1856f5906b61209","0xea2dc6f116a4c3d6a15f06b4e8ad582a07c3dd9c","","0.12","0","336.8748","0.010028469032843391","28.1528208312109","2580.97","","","0xe366c9ca",""
"0xa43ca096f884af4cd2e0f3f1c37833ab868bcaa01f5a210cbefb6b6e29848f2e","14263833","1645639619","2022-02-23 18:06:59","0x6a9b3e3d95ca45e39cdda9345de9c1e667a645f1","0xea2dc6f116a4c3d6a15f06b4e8ad582a07c3dd9c","","0.06","0","168.4374","0.00665483821983039","18.6820607861477","2580.97","","","0xe366c9ca",""
"0x641f9dda308e383344af63979ec7e19db4d77fdca14d5ebc5096af63f39b4e51","14263863","1645640068","2022-02-23 18:14:28","0x00159370cbe576b765a7fb2e78582e0cb563d445","0xea2dc6f116a4c3d6a15f06b4e8ad582a07c3dd9c","","0.06","0","168.4374","0.01037832354276887","29.1349638983796","2580.97","","","0xe366c9ca",""
"0xacadfda9d134123e79c311dd15a11ba24ad1e7303c081a0693c3c0876bac0643","14263873","1645640175","2022-02-23 18:16:15","0xf8254f25e037b6c1db7d1c8692335e682dfe163a","0xea2dc6f116a4c3d6a15f06b4e8ad582a07c3dd9c","","0","0","0","0.00456075","12.8033478675","2580.97","","","Withdraw",""
"0x560f3b1fc29c948eac7cea3cfc05654e78a56b6176c5e7f215501364a43e63b1","14263912","1645640748","2022-02-23 18:25:48","0xc23f902e483345abd31f07b9104e3bcd5b3533a6","0xea2dc6f116a4c3d6a15f06b4e8ad582a07c3dd9c","","0.06","0","168.4374","0.00804052962265289","22.5720984043772","2580.97","","","0xe366c9ca",""
"0xc9b190c38a575b3e60b13f34e1c3e22c35414be4d055ef3549675791ab17ede0","14263932","1645641018","2022-02-23 18:30:18","0x9458c54a975e7d61c9fb7103553692a590c28e08","0xea2dc6f116a4c3d6a15f06b4e8ad582a07c3dd9c","","0.12","0","336.8748","0.008966537604764253","25.1716713524786","2580.97","","","0xe366c9ca",""
"0xb9ae7f9e09c16eba9e35b95292cc4dfe688489f87fde4eb9c5aaf251d9deee87","14263963","1645641501","2022-02-23 18:38:21","0x2b00cad253e88924290ffc7fee221d135a0f083a","0xea2dc6f116a4c3d6a15f06b4e8ad582a07c3dd9c","","0.06","0","168.4374","0.010764966386531964","30.2203824872473","2580.97","","","0xe366c9ca",""
"0x4b1441db11d9a2587c715c0cb9d0851773e324210b4e5e7b44ac46bd5af65a53","14264021","1645642369","2022-02-23 18:52:49","0x25e6f9d285e35489063060fd408924bb4a7605b4","0xea2dc6f116a4c3d6a15f06b4e8ad582a07c3dd9c","","0.12","0","336.8748","0.009246536285091714","25.9577088477751","2580.97","","","0xe366c9ca",""
"0x3defe94a2d3372da5dbbfce4f8cba40179456d9b84431382e3db4c3ce17f099c","14264052","1645642681","2022-02-23 18:58:01","0x2e6b2ca1fe3371b8fffdf8e2198d9a9cec55ed74","0xea2dc6f116a4c3d6a15f06b4e8ad582a07c3dd9c","","0.06","0","168.4374","0.00588303003973696","16.5153714002532","2580.97","","","0xe366c9ca",""
"0x24742c75c25d7fd4bddad07e42328ea582fa03264e91db04c666e508b8c65c41","14264055","1645642714","2022-02-23 18:58:34","0xf06282ab633324184bfe27d2765a3da3a995895f","0xea2dc6f116a4c3d6a15f06b4e8ad582a07c3dd9c","","0.06","0","168.4374","0.005270017401535304","14.794467151156","2580.97","","","0xe366c9ca",""
"0x1fd7b8762b8d529b0347dd7bf6a85b94c890b1fad1e462bb9691b3943aa16af4","14264070","1645642980","2022-02-23 19:03:00","0x78bace82f7ccd811f16ed11d601c8f54bcc2899b","0xea2dc6f116a4c3d6a15f06b4e8ad582a07c3dd9c","","0.06","0","168.4374","0.006836874032597136","19.1930881029696","2580.97","","","0xe366c9ca",""
"0xb5ed2045e5df4d6680b8e08be16f35702379b838668d87e7b016d23043dcf9a9","14264121","1645643686","2022-02-23 19:14:46","0x78bace82f7ccd811f16ed11d601c8f54bcc2899b","0xea2dc6f116a4c3d6a15f06b4e8ad582a07c3dd9c","","0.3","0","842.187","0.0047993985090528","13.4733034404788","2580.97","","","0xe366c9ca",""
"0xba9f1ac4101a48fcdb72f7de38a7b94f398d34eedef78842af3dcfb3efa33b79","14264313","1645645793","2022-02-23 19:49:53","0xaf1a4ef7888cc46a5cd43af79414d6b7d555b108","0xea2dc6f116a4c3d6a15f06b4e8ad582a07c3dd9c","","0.06","0","168.4374","0.005376355920230504","15.0929902113039","2580.97","","","0xe366c9ca",""
"0x3298a882f56ea7fc47439460bc57d36c1428ece6dcd3075d44992c61b699b08a","14264371","1645646606","2022-02-23 20:03:26","0xebe661ce3aaca8aca252a8fd948b7a9f2e1fc156","0xea2dc6f116a4c3d6a15f06b4e8ad582a07c3dd9c","","0.06","0","168.4374","0.007913157767906028","22.2145286702649","2580.97","","","0xe366c9ca",""
"0x14390d26edff66cc7bd1b99594d62e3426819412dbc09919d21ed1d990f572c3","14264731","1645651245","2022-02-23 21:20:45","0xe086a05fc136e5d43943e4d81b7106270b995a80","0xea2dc6f116a4c3d6a15f06b4e8ad582a07c3dd9c","","0.12","0","336.8748","0.006860224256271687","19.2586389523889","2580.97","","","0xe366c9ca",""
"0xa08f9a1a3e17cf98204db2820f6d6200822f325c98a54170f42b163a7a540fa9","14265059","1645655244","2022-02-23 22:27:24","0x97ad7704d47b5827a5cc18c2e57f8643f1bdaad3","0xea2dc6f116a4c3d6a15f06b4e8ad582a07c3dd9c","","0.06","0","168.4374","0.013886001955239722","38.9820344289249","2580.97","","","0xe366c9ca",""
"0xab31942988c5705d38ba83be0f592e98af90e2246cee310704c16c77c33aff60","14265091","1645655623","2022-02-23 22:33:43","0xa46d247b1350046397d49ec2154d94f60fb7c87c","0xea2dc6f116a4c3d6a15f06b4e8ad582a07c3dd9c","","0.06","0","168.4374","0.010079337982114654","28.2956247238106","2580.97","","","0xe366c9ca",""
"0x22077d4985863c9d3426a833e1890daf8abf3b2eb47373ebd5e7ba2486f97d45","14265091","1645655623","2022-02-23 22:33:43","0x3a1c8eba5a6bb4166cf8867fc3cba72abdbdf826","0xea2dc6f116a4c3d6a15f06b4e8ad582a07c3dd9c","","0.06","0","168.4374","0.009265612740312324","26.0112619897514","2580.97","","","0xe366c9ca",""
"0xdc9ade850c80b11659a0c4397f05facb1d59f7ab9323660bae17ac5092d32cf0","14265273","1645658146","2022-02-23 23:15:46","0x6c10c4a8e7d71a27cca1ec3843e0e9afc88c523c","0xea2dc6f116a4c3d6a15f06b4e8ad582a07c3dd9c","","0.06","0","168.4374","0.00958600381312585","26.9106926445501","2580.97","","","0xe366c9ca",""
"0xf054831d1bc1f9dae82b23cace2e4b7993450d61d10fb0bd3002bbe6aaa6b336","14265392","1645659712","2022-02-23 23:41:52","0x631ae5539ca9e8cc1c16dc256f913c6f5366d84e","0xea2dc6f116a4c3d6a15f06b4e8ad582a07c3dd9c","","0.06","0","168.4374","0.009617115154328638","26.9980312015952","2580.97","","","0xe366c9ca",""
"0xde2b8e299fe909594d23aa50a1cd0f1d2275263a3751e797eeb14aaabadbd225","14265624","1645662874","2022-02-24 00:34:34","0x59dd643a4735618d71579135bef38af4761d9806","0xea2dc6f116a4c3d6a15f06b4e8ad582a07c3dd9c","","0.06","0","168.4374","0.00551208425181414","15.4740189992753","2597.94","","","0xe366c9ca",""
"0x37c0a9e62338120f4a5623d6a0bd5c7dbaf99e93828eab458aa15651b2f84076","14266019","1645668355","2022-02-24 02:05:55","0x6fbfca98815a1b12472c9c6121d398931ee1b966","0xea2dc6f116a4c3d6a15f06b4e8ad582a07c3dd9c","","0.06","0","168.4374","0.004152814757348334","11.6581553401564","2597.94","","","0xe366c9ca",""
"0xd1f2889b48345f744f974deb6b02359e6642a97300e7d2cb652fec23828fd1e0","14266019","1645668355","2022-02-24 02:05:55","0x6fbfca98815a1b12472c9c6121d398931ee1b966","0xea2dc6f116a4c3d6a15f06b4e8ad582a07c3dd9c","","0.06","0","168.4374","0.003268224553922034","9.17485410797979","2597.94","","","0xe366c9ca",""
"0x708c91ae8db1e21e2a672ae260611b5cdf1014d9e8aafd33402b96ec99377fa5","14266019","1645668355","2022-02-24 02:05:55","0x6fbfca98815a1b12472c9c6121d398931ee1b966","0xea2dc6f116a4c3d6a15f06b4e8ad582a07c3dd9c","","0.06","0","168.4374","0.00391053160219755","10.9779962615332","2597.94","","","0xe366c9ca",""
"0x3f7b83cd47e6906d89ce0725d2762b731f7e42294c4082faa8d765e0d65e0b6e","14266051","1645668760","2022-02-24 02:12:40","0xa168903362bf3a811b4df18dc07067689ef139f8","0xea2dc6f116a4c3d6a15f06b4e8ad582a07c3dd9c","","0.06","0","168.4374","0.003360710873294304","9.43449002749037","2597.94","","","0xe366c9ca",""
"0x158769bcd2358b85485de181d9dbb04bec01b3b07db7d7dfd810833c9284b22c","14266265","1645671807","2022-02-24 03:03:27","0xd306d556e28e59bee9c75d48a7e92925808236ff","0xea2dc6f116a4c3d6a15f06b4e8ad582a07c3dd9c","","0.06","0","168.4374","0.008721766948641846","24.4845291372528","2597.94","","","0xe366c9ca",""
"0x64522b2c6b77928d453c673e9c909c5df9fdfb8e468a7e11dc4bbb7a14fe7d92","14267048","1645682635","2022-02-24 06:03:55","0x09846c9ed5d569b3c2429b03997ca9f7bc76393a","0xea2dc6f116a4c3d6a15f06b4e8ad582a07c3dd9c","","0.06","0","168.4374","0.012083796624065958","33.9227214247741","2597.94","","","0xe366c9ca",""
"0x7e50859870edc262b9d184916dd4aa23d98a21d45d460f0b668fec3132893882","14267559","1645689148","2022-02-24 07:52:28","0x2f904caf2a95fdf8dacd0b80e62f036230f5aa27","0xea2dc6f116a4c3d6a15f06b4e8ad582a07c3dd9c","","0.06","0","168.4374","0.006100630608670642","17.126239301415","2597.94","","","0xe366c9ca",""
"0x4f28cb858891b6152d9237961bf07f1b5a0af705134584d2424d38bd36491657","14267922","1645693569","2022-02-24 09:06:09","0x19bc334ab56c18128c188a6543acb49c84b43c2e","0xea2dc6f116a4c3d6a15f06b4e8ad582a07c3dd9c","","0.12","0","336.8748","0.004085778982711203","11.4699664803753","2597.94","","","0xe366c9ca",""
"0xd03b71d9fd759480a1b46fe280eef9b403df4ecaee92f921ec4cdd589f8f3023","14271069","1645735785","2022-02-24 20:49:45","0x1316d71fe3d4833c5bf101c7220aabf8f7db6b64","0xea2dc6f116a4c3d6a15f06b4e8ad582a07c3dd9c","","0","0","0","0.004986105915172128","13.9974452746036","2597.94","","","Transfer From",""
"0x42095e3327cea7538b944f3a5b86c1bd6fb0271636c3653bde3b34d76d54b381","14271139","1645736613","2022-02-24 21:03:33","0x1316d71fe3d4833c5bf101c7220aabf8f7db6b64","0xea2dc6f116a4c3d6a15f06b4e8ad582a07c3dd9c","","0","0","0","0.00277218618268016","7.78233054877619","2597.94","","","Transfer From",""
"0x8e44f93b67d920139596adef62df197aa31ffdaca1ca27034d069a81f31eff17","14271205","1645737440","2022-02-24 21:17:20","0x49aae09891a3b304afe225c364bb4c776023175d","0xea2dc6f116a4c3d6a15f06b4e8ad582a07c3dd9c","","0.06","0","168.4374","0.004201555421500492","11.7949845192241","2597.94","","","0xe366c9ca",""
"0xcb87d379ab6b7457d2dfe95f571a018b7032f243dbbafa0274210cef60491fb5","14271512","1645741750","2022-02-24 22:29:10","0x638bf487440c0fc8c0beb402e5b8befe5d0b368f","0xea2dc6f116a4c3d6a15f06b4e8ad582a07c3dd9c","","0.06","0","168.4374","0.006743616246597032","18.9312864529094","2597.94","","","0xe366c9ca",""
"0x0d18db3d41f9123212b77cc9f2e029debfd70797b490ec5974bee04bc955b3cc","14272508","1645754853","2022-02-25 02:07:33","0x60b6700f52f206e3716af1e427b559035ec12efd","0xea2dc6f116a4c3d6a15f06b4e8ad582a07c3dd9c","","0.12","0","336.8748","0.004000794466222521","11.2313902970818","2769.00","","","0xe366c9ca",""
"0x24e9c4e2394db571297e045decd4ac275738bac42587461f83621414c24d0c3b","14272942","1645760679","2022-02-25 03:44:39","0xc93ff4aae0701aa8bd74d18bb06a04380d5db30d","0xea2dc6f116a4c3d6a15f06b4e8ad582a07c3dd9c","","0.03","0","84.2187","0.00238182207578304","6.68646529512497","2769.00","Error(0)","Reverted","0xe366c9ca",""
"0x213928f0c104a4fd81b91486d251eac3c081527b415cada9df918e3c306e5a58","14274037","1645775465","2022-02-25 07:51:05","0xf8254f25e037b6c1db7d1c8692335e682dfe163a","0xea2dc6f116a4c3d6a15f06b4e8ad582a07c3dd9c","","0","0","0","0.00223128074063039","6.26385211036429","2769.00","","","Transfer From",""
"0xca1c636dd7cfb52ce52cd302eaf1564747eb58530669ed6dc41f6693b2b02999","14274037","1645775465","2022-02-25 07:51:05","0xf8254f25e037b6c1db7d1c8692335e682dfe163a","0xea2dc6f116a4c3d6a15f06b4e8ad582a07c3dd9c","","0","0","0","0.00223197733063039","6.26580764050539","2769.00","","","Transfer From",""
"0xe25bb45a1dbc2a36c2f3255af9500b49b22b4727ea8392e48fe34448c782638a","14274040","1645775522","2022-02-25 07:52:02","0xf8254f25e037b6c1db7d1c8692335e682dfe163a","0xea2dc6f116a4c3d6a15f06b4e8ad582a07c3dd9c","","0","0","0","0.003394196035774152","9.52849258926842","2769.00","","","Transfer From",""
"0x3160daae60b079a8a5b12e1eb3b0d9392539ea1a7a388a9d0c7f69be44e374a9","14274044","1645775549","2022-02-25 07:52:29","0xf8254f25e037b6c1db7d1c8692335e682dfe163a","0xea2dc6f116a4c3d6a15f06b4e8ad582a07c3dd9c","","0","0","0","0.002210357703253399","6.20511507676623","2769.00","","","Transfer From",""
"0xde40d0f606e67b242c02bea8990f305e7c576b99f135323ffbe7efdb9f8bd422","14274049","1645775606","2022-02-25 07:53:26","0xf8254f25e037b6c1db7d1c8692335e682dfe163a","0xea2dc6f116a4c3d6a15f06b4e8ad582a07c3dd9c","","0","0","0","0.002083455","5.84886238695","2769.00","","","Set Base URI",""
"0x5952a6e4d645e0eb57fb48e709f09160b437805018500028b03becdbea9e0805","14275171","1645791167","2022-02-25 12:12:47","0xf585f7efd90c2cd9e593f8cfd9ed51e8021b5a3d","0xea2dc6f116a4c3d6a15f06b4e8ad582a07c3dd9c","","0.12","0","336.8748","0.003428682988687776","9.62530746731331","2769.00","","","0xe366c9ca",""
"0x66d89975f65a8c4033361bd8b3f5b983f41bfef8f9a36a30969ffefaec6d8c62","14275171","1645791167","2022-02-25 12:12:47","0xf585f7efd90c2cd9e593f8cfd9ed51e8021b5a3d","0xea2dc6f116a4c3d6a15f06b4e8ad582a07c3dd9c","","0.06","0","168.4374","0.002625569177597376","7.37073409657734","2769.00","","","0xe366c9ca",""
"0x26c6aae8f377b3e863281c4ed9043dfbf61c420498e83445f44fc104d1e53827","14275435","1645794473","2022-02-25 13:07:53","0x638bf487440c0fc8c0beb402e5b8befe5d0b368f","0xea2dc6f116a4c3d6a15f06b4e8ad582a07c3dd9c","","0","0","0","0.0027132933071678","7.61700116827909","2769.00","","","Transfer From",""
"0xb5f3b36b72e4904f7f2acbd0445a1852f4c99f3c125f6f3b73822fa3d8afd060","14276514","1645808829","2022-02-25 17:07:09","0xa168903362bf3a811b4df18dc07067689ef139f8","0xea2dc6f116a4c3d6a15f06b4e8ad582a07c3dd9c","","0.06","0","168.4374","0.003492532328175334","9.80455107956333","2769.00","Error(0)","Out of gas","0xe366c9ca",""
"0x6639ff7805fdd8cdb0fa396a50d9fd8dec6f8563417aa416c200cae9e21301ea","14276570","1645809542","2022-02-25 17:19:02","0xa168903362bf3a811b4df18dc07067689ef139f8","0xea2dc6f116a4c3d6a15f06b4e8ad582a07c3dd9c","","0.06","0","168.4374","0.005158351200760814","14.4809877423838","2769.00","","","0xe366c9ca",""
"0x36ab82c2d2701c41029ab3718fccd69163ef96d446f56830554a739803bc5e9c","14276761","1645812264","2022-02-25 18:04:24","0xc6f007c7fb1d2c28d80a12c6edfca8145c0be8d3","0xea2dc6f116a4c3d6a15f06b4e8ad582a07c3dd9c","","0.06","0","168.4374","0.005080926943993516","14.2636354006036","2769.00","","","0xe366c9ca",""
"0xc223c13e23283d0f02c3500e31fc0f6940ee899ac24630457339a867bc70a1e9","14277269","1645818848","2022-02-25 19:54:08","0x99d0d51244a791da27b0fc64dde015e446767a8a","0xea2dc6f116a4c3d6a15f06b4e8ad582a07c3dd9c","","0.06","0","168.4374","0.005914994458960092","16.6051047946941","2769.00","","","0xe366c9ca",""
"0xfed7a16141f14a0e7c62ff4a35a6e6df0a37bc73763f9f73b1c3cbda32f5ed58","14277279","1645819016","2022-02-25 19:56:56","0x0bbe17ffb2dff302f1eade3f39390cf4ee60f4fc","0xea2dc6f116a4c3d6a15f06b4e8ad582a07c3dd9c","","0.12","0","336.8748","0.005458661724677031","15.3240464730686","2769.00","","","0xe366c9ca",""
"0x45e6cbef1b682afe9fac1ae1a672a7950303aac427bf6952e1f85ed66b1093b2","14277623","1645823320","2022-02-25 21:08:40","0xab4f91f29b97c016f2707dffdd214b0a56b18936","0xea2dc6f116a4c3d6a15f06b4e8ad582a07c3dd9c","","0.06","0","168.4374","0.005866726083916454","16.4696014681178","2769.00","","","0xe366c9ca",""
"0xf9cc14f8c73d234fefec2b7443aa571c9b78eab06af0fd83df569562bdbf09f4","14277644","1645823573","2022-02-25 21:12:53","0xfd37accf4c6f5825d9c5253a31669e92b50ef723","0xea2dc6f116a4c3d6a15f06b4e8ad582a07c3dd9c","","0.06","0","168.4374","0.005680635883536482","15.9471923094931","2769.00","","","0xe366c9ca",""
"0xd907f5b8ce20cd46184b1b034e2371b49f51ebcbb0f067a2f1c65c1633ebcbbf","14277673","1645823990","2022-02-25 21:19:50","0x8276eb6693b8172166ac156fed6981c643956c90","0xea2dc6f116a4c3d6a15f06b4e8ad582a07c3dd9c","","0.06","0","168.4374","0.00621078680312794","17.435479684553","2769.00","","","0xe366c9ca",""
"0x4592cabab2fd36e405f0208f613abdeb3f4a989be215dcab8291ce51c28ba626","14277691","1645824254","2022-02-25 21:24:14","0x8276eb6693b8172166ac156fed6981c643956c90","0xea2dc6f116a4c3d6a15f06b4e8ad582a07c3dd9c","","0","0","0","0.005827042545073299","16.3581982663588","2769.00","","","Transfer From",""
"0xf086229e426fdb053fefc53aa6ebf8d37c2b9ad094fd95101080b9efbfb257f6","14278660","1645837375","2022-02-26 01:02:55","0xaa2e097392b93e1865ffb738e48919c720ea480a","0xea2dc6f116a4c3d6a15f06b4e8ad582a07c3dd9c","","0.06","0","168.4374","0.004165988910515366","11.6951390086007","","","","0xe366c9ca",""
"0xbf2a3ff417a223c38706d602c174019a7556262847a4abe88648d97af1abb19e","14278777","1645838818","2022-02-26 01:26:58","0xd5d692be7acd0a8b939101e4a2d60467368d0d28","0xea2dc6f116a4c3d6a15f06b4e8ad582a07c3dd9c","","0.06","0","168.4374","0.003756017420304886","10.5442301438477","","","","0xe366c9ca",""
"0xef1bc1ded97242b0f1c81145e9cdfde7e23042fdfe70d2cdcc551a82d99447ea","14279023","1645842406","2022-02-26 02:26:46","0x27b668fa8bb328406a386fa72b4f4c489994aae6","0xea2dc6f116a4c3d6a15f06b4e8ad582a07c3dd9c","","0.06","0","168.4374","0.004474085907680554","12.5600566277725","","","","0xe366c9ca",""
"0xe2da8cee3c8f433685d401b8d0a8cdd1cae919d99d1727be72e36d04e7f9240c","14279136","1645844041","2022-02-26 02:54:01","0x1a2a02f26dc14f6bba02db863895599517127b3f","0xea2dc6f116a4c3d6a15f06b4e8ad582a07c3dd9c","","0.06","0","168.4374","0.007495831551969002","21.0429729575271","","","","0xe366c9ca",""
"0x1d6c9263d9d952cebf653f69eba21c5ea4d585d95c9f9aec2b8765e40c9fc1c6","14279175","1645844476","2022-02-26 03:01:16","0x9d69b67eb3b529e7750e16823fd89e7d16e55f58","0xea2dc6f116a4c3d6a15f06b4e8ad582a07c3dd9c","","0.12","0","336.8748","0.004056110605580355","11.3866787419397","","","","0xe366c9ca",""
"0xf94c515227e4a5c00db2b5620508c37b780671a703a3a7d5c52d502d34abfacc","14279603","1645850336","2022-02-26 04:38:56","0xf8254f25e037b6c1db7d1c8692335e682dfe163a","0xea2dc6f116a4c3d6a15f06b4e8ad582a07c3dd9c","","0","0","0","0.00128439","3.6056552031","","","","Toggle Minting",""
"0xb61ed1ed201b1be3a7062392c7919d19591e5623000b99161fe3e1c9ae530a0b","14279719","1645851918","2022-02-26 05:05:18","0xf8254f25e037b6c1db7d1c8692335e682dfe163a","0xea2dc6f116a4c3d6a15f06b4e8ad582a07c3dd9c","","0","0","0","0.001368225","3.84100436025","","","","Withdraw",""
